reference,sex_binary,range_norm_tarsus.length,range_norm_tail.length,range_norm_wing.cord,range_norm_kipps,range_norm_distal,range_norm_p10,range_norm_releaseDay,range_norm_fall_detectDay1,range_norm_fall_bearing1,range_norm_bodyCondition,t5_spring40
AH17K18,1,0.6290322581,0.5882352941,0.6470588235,0.5090909091,NA,NA,0,NA,NA,0.8499806565,0
AH18K02,1,0.5967741935,0.4705882353,0.7058823529,0.7909090909,NA,NA,0.04347826087,0.25,0.4247813711,0.6746257714,0
AH22K02,1,0.4193548387,0.2941176471,0.4117647059,0.5545454545,NA,NA,0.2173913043,0.5,0.7317035141,0.3471517856,0
AH22K04,1,0.5161290323,0.4117647059,0.6470588235,0.6090909091,NA,NA,0.2173913043,NA,NA,0.5714795082,0
AH22K09,1,0.8064516129,0.3529411765,0.4705882353,0.5181818182,NA,NA,0.2173913043,0.55,0.8366263343,0.2942907314,0
AH22K11,1,0.564516129,NA,0.4705882353,0.6454545455,NA,NA,0.2173913043,NA,NA,0.3946341057,0
AH22K13,1,0.3225806452,0.5294117647,0.6470588235,0.6,NA,NA,0.2173913043,0.3,0.7317035141,0.4490990814,0
AH22K14,1,0.3709677419,0.5882352941,0.5882352941,0.5181818182,NA,NA,0.2173913043,NA,NA,0.5230692434,0
AH22K15,0,0.564516129,0.3529411765,0.4117647059,0.4,NA,NA,0.2173913043,NA,NA,0.3946341057,0
AH24H02,1,0.435483871,0.4705882353,0,0.07272727273,NA,NA,0.3043478261,0,0.4747239672,0.3841888326,0
AH24H03,1,0.435483871,0.2941176471,0.4117647059,0.3818181818,NA,NA,0.3043478261,NA,NA,0.4336618413,0
AH24H04,1,0.6129032258,0.5294117647,0.4705882353,0.6454545455,NA,NA,0.3043478261,0.3,0.4747239672,0.2393375718,0
AH24H05,1,0.6935483871,0.3529411765,0.2941176471,0.6181818182,NA,NA,0.3043478261,0.15,0.4747239672,0.3577522249,0
AH25H01,1,0.6290322581,0.2941176471,0.4705882353,0.5545454545,NA,NA,0.347826087,NA,NA,0.3700105924,0
AH25H02,1,0.8225806452,0.4705882353,0.5294117647,0.6454545455,NA,NA,0.347826087,0.6,0.2426131678,0.3854091117,0
AH25H03,0,0.1935483871,0.2352941176,0.05882352941,0.2454545455,NA,NA,0.347826087,NA,NA,0.3873998212,0
AH26H01,1,0.1612903226,0.3529411765,0.4117647059,0.8272727273,NA,NA,0.3913043478,NA,NA,0.5394631301,0
AH26H02,1,0.2741935484,0.4117647059,0.6470588235,0.6545454545,NA,NA,0.3913043478,0.55,0.4747239672,0.4953864204,0
AH26H03,1,NA,0.2941176471,0.2352941176,0.3090909091,NA,NA,0.3913043478,NA,NA,NA,0
AH26H04,0,0.3548387097,0.2941176471,0.2352941176,0.7454545455,NA,NA,0.3913043478,0.325,0.2426131678,NA,0
AH26H05,1,0.435483871,0.4117647059,0.7058823529,0.3818181818,NA,NA,0.3913043478,NA,NA,0.5202396064,0
AH26H06,1,0.6935483871,0.4117647059,0.3529411765,0.4363636364,NA,NA,0.3913043478,NA,NA,0.2642465385,0
AH26H07,1,0.435483871,0.2352941176,0.2352941176,0.4090909091,NA,NA,0.3913043478,NA,NA,NA,0
AH26H08,1,0.3225806452,0.3529411765,0.3529411765,0.4454545455,NA,NA,0.3913043478,0.4,0.5557371506,0.4744816884,0
AH26H09,1,0.5967741935,0.4117647059,0.2941176471,0.2363636364,NA,NA,0.3913043478,0.2,0.7317035141,0.3165974195,0
AH26H10,0,0.2903225806,0.2941176471,0.2352941176,0.3181818182,NA,NA,0.3913043478,0.375,0.4747239672,0.4883657836,1
AH26H11,1,0.1129032258,0.6470588235,0.4705882353,0.2545454545,NA,NA,0.3913043478,0.475,0.2426131678,0.4885914317,0
AH26H12,0,0.5967741935,0.7058823529,0.2941176471,0.4454545455,NA,NA,0.3913043478,NA,NA,0.3762688115,0
AH26H13,1,0.08064516129,0.3529411765,0.5882352941,0.4,NA,NA,0.3913043478,NA,NA,0.5974067448,0
AH31H01,1,0.3225806452,0.2941176471,0.2941176471,0.5272727273,NA,NA,0.6086956522,0.55,0.8292675239,0.5696664648,0
AH31H02,0,0.4677419355,0.2352941176,0.2352941176,0.3818181818,NA,NA,0.6086956522,0.375,0.1789882383,0.4697396309,0
AH31H03,0,0.3709677419,0.5294117647,0.2941176471,0.3,NA,NA,0.6086956522,NA,NA,0.5293446481,0
AH31H04,1,0.3548387097,0.2941176471,0.4117647059,0.5272727273,NA,NA,0.6086956522,0.7,0.7317035141,0.4734005774,0
AI01H01,1,0.3064516129,0.4705882353,0.4117647059,0.4181818182,NA,NA,0.652173913,NA,NA,0.3794870439,0
AI01H02,1,0.3548387097,0.5882352941,0.5294117647,0.3909090909,NA,NA,0.652173913,NA,NA,NA,0
AI01H03,0,0.5322580645,0.3529411765,0.1176470588,0.3181818182,NA,NA,0.652173913,0.325,0.8366263343,0.4132608275,0
AI01H04,1,0.5483870968,0.4705882353,0.4705882353,0.5090909091,NA,NA,0.652173913,NA,NA,0.4672359442,0
AI01H05,1,0.9193548387,0.5294117647,0.7647058824,0,NA,NA,0.652173913,0.55,0.4747239672,0.2839248869,0
AI01H06,1,0.4516129032,0.4705882353,0.5882352941,0.6181818182,NA,NA,0.652173913,0.6,0.8212251965,0.4640895341,0
AI01H07,1,0.5161290323,0.7058823529,0.6470588235,0.8454545455,NA,NA,0.652173913,0.7,0.7317035141,0.5714795082,0
AI01H08,1,0.4677419355,0.2941176471,0.4705882353,0.5272727273,NA,NA,0.652173913,NA,NA,0.6416449407,0
AI01H09,1,0.1612903226,0.3529411765,0.4117647059,0.2636363636,NA,NA,0.652173913,NA,NA,0.4801386648,0
AI01H10,1,0.3709677419,0.4117647059,0.7058823529,0.8363636364,NA,NA,0.652173913,0.525,0.1789882383,0.3724595308,0
AI01H11,1,0.4516129032,0.5882352941,0.4117647059,0.1636363636,NA,NA,0.652173913,NA,NA,0.3655020169,0
AI01H12,1,0.09677419355,0.6470588235,0.4117647059,0.5,NA,NA,0.652173913,0.475,0.1789882383,0.4557445277,0
AI01H13,1,0.3709677419,0.4117647059,0.2941176471,0.4,NA,NA,0.652173913,NA,NA,0.3787349355,0
AI01H14,0,0.08064516129,0.2352941176,0.2941176471,0.4363636364,NA,NA,0.652173913,NA,NA,0.6511817542,1
AI01H15,0,0.2903225806,0.2941176471,0.1176470588,0.3181818182,NA,NA,0.652173913,0.375,0.4247813711,0.718526867,1
AI01H16,1,0.5161290323,0.4705882353,0.4705882353,0.5909090909,NA,NA,0.652173913,0.475,0.4247813711,0.3589001742,0
AI01H17,0,0.2258064516,0.1764705882,0.2352941176,0.6363636364,NA,NA,0.652173913,NA,NA,0.33502267,0
AI02H01,1,0.7903225806,0.7058823529,0.7058823529,0.7363636364,NA,NA,0.6956521739,NA,NA,0.4602306792,0
AI02H03,1,0.5967741935,0.2941176471,0.5882352941,0.6727272727,NA,NA,0.6956521739,0.6,0.4247813711,0.4299730643,0
AI02H04,1,0.3870967742,0.2941176471,0.5294117647,0.6727272727,NA,NA,0.6956521739,NA,NA,0.4098120315,0
AI02H05,0,0.1451612903,0.2941176471,0.1176470588,0.3727272727,NA,NA,0.6956521739,0.55,0.4747239672,0.5071975973,0
AI02H06,1,0.8225806452,0.5294117647,0.5294117647,0.3818181818,NA,NA,0.6956521739,NA,NA,0.3342194393,0
AI02H07,0,0.3387096774,0.5294117647,0.4705882353,0.5545454545,NA,NA,0.6956521739,NA,NA,0.5371597431,0
AI02H08,0,NA,0.7058823529,0.2941176471,0.2636363636,NA,NA,0.6956521739,0.55,0.8292675239,NA,1
AI02H10,1,0.3064516129,0.4705882353,0.6470588235,0.8090909091,NA,NA,0.6956521739,NA,NA,NA,0
BH28H01,1,0.4516129032,NA,0.2941176471,0.4363636364,0.4014084507,0.375,0.5217391304,NA,NA,0.4332809349,0
BH28H02,1,0.4032258065,0.3529411765,0.4705882353,0.5363636364,0.6549295775,0.25,0.5217391304,NA,NA,0.4406614565,0
BH28H03,1,0.564516129,0.2352941176,0.1176470588,0.3454545455,0.1901408451,0.25,0.5217391304,0.55,0.7317035141,0.4787644428,0
BH28H04,1,0.7096774194,0.5882352941,0.7647058824,0.8090909091,0.8309859155,0.25,0.5217391304,0.45,0.1789882383,0.8818203753,0
BH28H05,1,0.3225806452,0.4117647059,0.4705882353,0.4636363636,0.6830985915,0.375,0.5217391304,0.375,0.5557371506,0.4364077778,1
BH28H06,1,0.4677419355,0.4117647059,0.1764705882,0.3545454545,0.4647887324,0.25,0.5217391304,0.4,0.09572124827,0.3162527472,0
BH28H07,0,NA,NA,NA,NA,NA,NA,0.5217391304,NA,NA,NA,0
BH28H08,1,0.6774193548,0.3529411765,0.2941176471,0.2545454545,0.4084507042,0.375,0.5217391304,0.625,0.4747239672,0.3930385303,0
BH30H07,1,0.6451612903,0.5294117647,0.4117647059,0.6818181818,0.514084507,0.375,0.6086956522,0.35,0.4747239672,0.4230114019,0
BH31H01,1,0.4677419355,0.4705882353,0.7058823529,0.8272727273,0.6056338028,0.5,0.652173913,0.5,0.4247813711,0.4513212049,0
BH31H02,1,0.7580645161,0.5294117647,0.4705882353,0.6,0.3802816901,0.5,0.652173913,NA,NA,0.3515911511,0
BH31H03,0,0.5806451613,0.5882352941,0.2352941176,0.3818181818,0.1478873239,0.5,0.652173913,0.35,0.8366263343,0.4363184025,1
BH31H04,1,0.5806451613,0.6470588235,0.3529411765,0.4636363636,0.4788732394,0.375,0.652173913,0.475,0.8540496063,0.3524842989,0
BH31H05,1,0.5,0.4117647059,0.5294117647,0.5454545455,0.5352112676,0.375,0.652173913,0.275,0.8366263343,0.5479684297,0
BH31H06,0,0.4032258065,0.5294117647,0.4705882353,0.4090909091,0.4647887324,0.25,0.652173913,NA,NA,0.4593497496,0
BH31H07,1,0.4032258065,0.6470588235,0.5882352941,0.5272727273,0.5070422535,0.375,0.652173913,0.525,0.1789882383,0.5091851978,1
BH31H08,1,0.7903225806,0.7058823529,0.4705882353,0.6181818182,0.5563380282,0.375,0.652173913,0.75,0.09572124827,0.4487785939,0
BH31H09,1,0.7419354839,0.3529411765,0.5294117647,0.7,0.6690140845,0.25,0.652173913,NA,NA,0.3516695846,0
BH31H10,0,0.4032258065,0.4117647059,0.5294117647,0.6272727273,0.5422535211,0.5,0.652173913,NA,NA,0.5527912151,0
BH31H11,1,0.1935483871,0.4117647059,0.4117647059,0.3454545455,0.4225352113,0.375,0.652173913,NA,NA,0.6751995348,0
BH31H12,1,1,0.7647058824,0.7058823529,0.4272727273,0.8802816901,0.5,0.652173913,0.525,0.3522534907,0.5315106749,0
BH31H13,1,0.4032258065,0.6470588235,0.5294117647,0.5272727273,0.3169014085,0.75,0.652173913,NA,NA,0.4967263358,0
BI01H01,1,0.7580645161,0.5294117647,0.5294117647,0.6727272727,0.4366197183,0.25,0.6956521739,0.775,0.7317035141,0.3458262878,1
BI01H02,1,0.6774193548,0.4705882353,0.4705882353,0.6727272727,0.3873239437,0.75,0.6956521739,0.55,0.7317035141,0.3695815003,1
BI01H03,1,0.7258064516,0.5294117647,0.5882352941,0.4090909091,0.7042253521,0.375,0.6956521739,0.5,0.8292675239,0.4097906925,1
BI01H04,1,0.5161290323,1,0.4705882353,0.5454545455,0.4295774648,0.5,0.6956521739,0.625,0.2426131678,0.4925214698,0
BI01H05,1,0.5967741935,0.7058823529,0.7647058824,0.8545454545,0.7957746479,0.5,0.6956521739,NA,NA,0.4419073427,0
BI01H06,1,0.7096774194,0.7647058824,0.7058823529,0.8,0.2605633803,1,0.6956521739,0.675,0.5557371506,0.5323748949,0
BI01H07,1,0.4838709677,0.6470588235,0.7058823529,0.6818181818,0.6056338028,0.5,0.6956521739,0.5,0.4247813711,0.4753490796,0
BI01H08,1,0.6774193548,0.4117647059,0.5294117647,0.6363636364,0.4295774648,0.375,0.6956521739,0.525,0.4747239672,0.4634096202,0
BI01H09,1,0.6290322581,0.3529411765,0.3529411765,0.4181818182,0.4295774648,0.25,0.6956521739,NA,NA,0.4470428249,0
BI01H10,0,0.3709677419,0.4705882353,0.3529411765,0.4818181818,0.3309859155,0.5,0.6956521739,0.625,0.7317035141,0.4603151965,0
BI01H11,1,0.435483871,0.5294117647,0.4705882353,0.4636363636,0.4225352113,0.5,0.6956521739,NA,NA,0.5820808671,0
BI01H12,1,0.7580645161,0.6470588235,0.7647058824,0.5272727273,0.5704225352,0.5,0.6956521739,0.35,0.2426131678,0.6801883588,1
BI01H13,1,0.6935483871,0.5294117647,0.6470588235,0.6454545455,0.4295774648,0.5,0.6956521739,0.6,0.4747239672,0.5856723356,0
BI01H14,1,0.5161290323,0.2941176471,0.4705882353,0.6545454545,0.4366197183,0.5,0.6956521739,0.525,0.4747239672,0.6018479844,0
BI02H01,1,0.5,0.5294117647,0.5294117647,0.4636363636,0.5281690141,0.375,0.7391304348,0.4,0.1789882383,0.8771235275,1
BI02H02,1,0.3064516129,0.1764705882,0.4117647059,0.4818181818,0.5422535211,0.25,0.7391304348,0.375,0.6406075312,0.4495506446,0
BI02H03,1,0.6129032258,0.5294117647,0.5294117647,0.4636363636,0.4436619718,0.625,0.7391304348,0.275,0.4747239672,0.5128662253,0
BI02H04,0,0.4193548387,0.2941176471,0.2941176471,0.5454545455,0.3309859155,0.25,0.7391304348,0.625,0.4747239672,0.4774923991,0
BI02H05,1,0.8064516129,0.5882352941,0.5882352941,0.4090909091,0.6478873239,0.375,0.7391304348,0.6,0.04375966855,0.419840942,0
BI02H06,0,0.4677419355,0.2352941176,0.3529411765,0.4545454545,0.5,0.125,0.7391304348,0.65,0.7694623018,0.6232265147,0
BI02H07,1,0.7096774194,0.5882352941,0.8235294118,1,0.7042253521,0.75,0.7391304348,NA,NA,0.3110594239,0
BI02H08,1,0.6612903226,0.5294117647,0.5294117647,0.6272727273,0.4718309859,0.125,0.7391304348,0.4,0.2426131678,0.4638763258,0
BI02H09,0,0.5483870968,0.5294117647,0.4705882353,0.5454545455,0.5211267606,0.375,0.7391304348,0.625,0.4747239672,0.3828072726,0
BI02H10,0,0.4838709677,0.2941176471,0.2941176471,0.5363636364,0.4295774648,0.375,0.7391304348,0.8,0.4747239672,0.6160490705,1
BI02H11,1,0.6774193548,0.5294117647,0.4705882353,0.5,0.4507042254,0.5,0.7391304348,0.75,0.1789882383,0.5396449675,0
BI02H12,1,0.04838709677,0.5882352941,0.4705882353,0.3090909091,0.7112676056,0.25,0.7391304348,0.375,0.4747239672,0.8434649053,1
BI03H01,1,0.2903225806,0.5294117647,0.4705882353,0.7,0.5,0.5,0.7826086957,0.8,0.4747239672,0.5586927813,0
BI03H02,0,0.3548387097,0.4117647059,0.3529411765,0.6272727273,0.5704225352,0.25,0.7826086957,0.525,0.3522534907,0.4734005774,0
BI03H03,1,0.6774193548,0.5294117647,0.3529411765,0.6909090909,0.3873239437,0.125,0.7826086957,0.525,0.4747239672,0.5103236801,0
BI03H04,1,0.5967741935,0.6470588235,0.5882352941,0.4545454545,0.5352112676,0.625,0.7826086957,0.6,0.1789882383,0.4956115955,0
BI03H05,1,0.5967741935,0.4117647059,0.2941176471,0.5636363636,0.3802816901,0.375,0.7826086957,NA,NA,0.5135130131,0
BI03H06,1,0.8548387097,0.5882352941,0.4705882353,0.3181818182,0.6338028169,0.625,0.7826086957,0.825,0.3811639234,0.6449288461,0
BI03H07,1,0.7580645161,0.5294117647,0.6470588235,0.7272727273,0.6549295775,0.5,0.7826086957,NA,NA,0.4899478701,0
BI03H08,1,0.3387096774,0.3529411765,0.4705882353,0.6272727273,0.6126760563,0.375,0.7826086957,1,0.7694623018,0.6003803629,0
BI04H01,1,0.7419354839,0.5294117647,0.8235294118,0.8545454545,0.5070422535,1,0.8260869565,0.35,0.4747239672,0.5714795082,1
BI04H02,0,0.2903225806,0.2941176471,0.2352941176,0.4363636364,0.4084507042,0.25,0.8260869565,NA,NA,0.5011525105,0
BI04H03,1,0.6451612903,0.4117647059,0.4705882353,0.6545454545,0.5915492958,0.25,0.8260869565,0.55,0.3522534907,0.6355907359,0
BI04H04,1,0.9032258065,0.5294117647,0.6470588235,0.6181818182,0.7957746479,0.25,0.8260869565,NA,NA,0.2278362239,0
BI04H05,1,0.6774193548,0.3529411765,0.4117647059,0.5818181818,0.4295774648,0.375,0.8260869565,0.6,0.4747239672,0.6510658598,1
BI04H06,1,0.8387096774,0.6470588235,1,0.6272727273,0.5633802817,0.625,0.8260869565,0.8,0.7317035141,0.5722893342,0
BI04H07,1,0.1451612903,0.5882352941,0.5882352941,0.4454545455,0.6126760563,0.5,0.8260869565,0.5,0.5557371506,0.5204321083,0
BI04H08,1,0.7258064516,0.5294117647,0.4117647059,0.6181818182,0.4577464789,0.5,0.8260869565,0.8,0.4747239672,0.3343359118,0
BI04H09,1,0.5967741935,0.2941176471,0.4705882353,0.6363636364,0.4718309859,0.375,0.8260869565,NA,NA,0.4717430387,0
BI04H11,1,0.5161290323,0.2941176471,0.4117647059,0.4545454545,0.4929577465,0.5,0.8260869565,0.85,0.4747239672,0.4560792983,0
BI04H12,0,0.3548387097,0.4705882353,0.5882352941,0.7181818182,0.7183098592,0.375,0.8260869565,0.775,0.04375966855,0.4419073427,0
BI04H13,1,0.8387096774,0.6470588235,0.4705882353,0.5363636364,0.6549295775,0.75,0.8260869565,0.35,0.8366263343,0.424900996,0
BI04H14,1,0.4516129032,0.2941176471,0.6470588235,0.6363636364,0.7042253521,0.375,0.8260869565,0.625,0.2426131678,0.4764129737,0
BI05H01,1,0.4516129032,0.9411764706,0.4705882353,0.6545454545,0.4929577465,0.5,0.8695652174,0.525,0.4747239672,0.6982348874,0
BI05H02,0,0.6129032258,0.3529411765,0.2941176471,0.5636363636,0.3169014085,0.375,0.8695652174,0.5,0.7317035141,0.5366513256,0
BI05H03,1,0.4193548387,0.4117647059,0.7058823529,0.6454545455,0.5422535211,0.625,0.8695652174,NA,NA,0.5830062291,0
BI05H04,1,0.3387096774,0.3529411765,0.5882352941,0.5454545455,0.5563380282,0.625,0.8695652174,NA,NA,0.4992273713,0
BI05H05,1,0.6290322581,0.5294117647,0.6470588235,0.4909090909,0.5563380282,0.5,0.8695652174,NA,NA,0.5062983883,0
BI05H06,1,0.4193548387,0.5294117647,0.5294117647,0.5818181818,0.5211267606,0.625,0.8695652174,0.625,0.1789882383,0.4774923991,0
BI05H07,1,0.435483871,0.5294117647,0.5882352941,0.6181818182,0.514084507,0.375,0.8695652174,0.625,0.4747239672,0.4522142195,1
BI05H10,1,0.5483870968,0.5882352941,0.7058823529,0.6545454545,0.6267605634,0.375,0.8695652174,NA,NA,0.4551747054,0
BI05H11,1,0.2580645161,0.3529411765,0.5882352941,0.3909090909,0.8169014085,0.25,0.8695652174,NA,NA,0.4895766479,0
BI05H12,1,0.2741935484,0.2941176471,0.5294117647,0.7272727273,0.4929577465,0.375,0.8695652174,0.6,0.3522534907,0.4568814845,0
BI05H13,1,0.1774193548,0.2352941176,0.4705882353,0.5727272727,0.4366197183,0.375,0.8695652174,0.65,0.09572124827,0.7093688059,1
BI06H01,1,0.6451612903,0.5294117647,0.4705882353,0.4454545455,0.485915493,0.375,0.9130434783,0.625,0.4747239672,0.4052964574,0
BI06H02,1,0.5967741935,0.2941176471,0.4117647059,0.6363636364,0.5704225352,0.125,0.9130434783,NA,NA,0.4001373683,0
BI06H03,1,NA,0.5882352941,0.4705882353,0.5727272727,0.5563380282,0.25,0.9130434783,0.65,0.4747239672,NA,0
BI06H04,0,0.5,0.1764705882,0.3529411765,0.4636363636,0.9295774648,0.375,0.9130434783,NA,NA,0.40777274,0
BI06H05,1,0.4516129032,0.3529411765,0.4117647059,0.5,0.3802816901,0.5,0.9130434783,0.55,0.4247813711,0.4948981332,0
BI06H06,0,0.7419354839,0.4705882353,0.4705882353,0.4545454545,0.4718309859,0.5,0.9130434783,0.75,0.6406075312,0.3921608863,0
BI06H07,1,0.7258064516,0.4117647059,0.5882352941,0.7272727273,0.6056338028,0.5,0.9130434783,0.5,0.8292675239,0.4330075481,1
BI06H08,0,0.3709677419,0.4117647059,0.4117647059,0.4,0.3732394366,0.625,0.9130434783,0.625,0,0.8431148827,0
BI06H10,1,0.6612903226,0.4117647059,0.7058823529,0.6818181818,0.6478873239,0.375,0.9130434783,0.675,0.6406075312,0.4344535806,1
BI06H11,0,0.5,0.2352941176,0.3529411765,0.4,0.3169014085,0.375,0.9130434783,NA,NA,0.4748228525,0
BI06H12,1,0.5967741935,0.5294117647,0.5294117647,0.4454545455,0.823943662,0.125,0.9130434783,NA,NA,0.3643345331,0
BI06H13,1,0.3709677419,0.4117647059,0.6470588235,0.5454545455,0.7253521127,NA,0.9130434783,NA,NA,0.5669970762,0
BI06H14,1,0.6774193548,0.6470588235,0.4705882353,0.6272727273,0.4366197183,0.625,0.9130434783,NA,NA,0.3813100153,0
BI07H01,1,0.4677419355,0.4117647059,0.6470588235,0.5454545455,0.4929577465,0.625,0.9565217391,NA,NA,0.5004370077,0
BI07H02,1,0.5,0.3529411765,0.4705882353,0.5454545455,NA,0.5,0.9565217391,0.8,0.4747239672,0.4626319229,0
BI07H03,1,0.7580645161,0.7058823529,0.6470588235,0.5818181818,0.7605633803,0.5,0.9565217391,0.525,0.4747239672,0.6167748626,1
BI07H04,1,0.4032258065,0.5882352941,0.7058823529,0.6545454545,0.7816901408,0.375,0.9565217391,0.625,0.09572124827,0.5278734909,0
CH27H01,1,0.7096774194,0.4117647059,0.4705882353,0.6545454545,0.6830985915,0.25,0.4347826087,0.4,0.5557371506,0.4333653421,0
CH27H02,1,0.5161290323,0.5294117647,0.4705882353,0.5545454545,0.1901408451,0.5,0.4347826087,NA,NA,0.4743003841,0
CH27H03,0,0.5,0.4117647059,0.4117647059,0.4909090909,0.2605633803,0.5,0.4347826087,0.6,0.5557371506,0.2431951911,0
CH27H04,0,0.6290322581,0.2941176471,0.2352941176,0.3818181818,0.176056338,0.25,0.4347826087,0.25,0.4747239672,0.3166805852,0
CH27H05,1,0.9516129032,0.5294117647,0.6470588235,0.5727272727,0.4295774648,0.375,0.4347826087,NA,NA,0.4670198634,0
CH28H01,1,0,0.4705882353,0.2941176471,0.3909090909,0.3169014085,0.5,0.4782608696,0.325,0.1789882383,0.4451074617,0
CH28H02,0,0.2741935484,0.2352941176,0.2352941176,0.4545454545,0.02112676056,0.375,0.4782608696,NA,NA,0.3991240805,0
CH28H03,1,0.1935483871,0.3529411765,0.4117647059,0.5727272727,0.1478873239,0.875,0.4782608696,0.35,0.6406075312,0.4331861393,0
CH28H04,1,0.3870967742,0.5882352941,0.6470588235,0.8454545455,0.4929577465,0.5,0.4782608696,0.225,0.09572124827,0.5848773653,0
CH28H06,1,0.5967741935,0.5882352941,0.5294117647,0.5636363636,0.3591549296,0.375,0.4782608696,0.275,0.7490745178,0.5075458739,0
CH28H07,1,0.6774193548,0.5882352941,0.4117647059,0.5636363636,0.4366197183,0.375,0.4782608696,0.6,0.3522534907,0.4282240752,0
CH28H08,1,0.4677419355,0.3529411765,0.4705882353,0.7636363636,0.4366197183,0.25,0.4782608696,0.325,0.09572124827,0.3592290747,0
CH28H09,0,0.6774193548,0.2941176471,0.3529411765,0.4363636364,0.07746478873,0.75,0.4782608696,0.65,0.3522534907,0.269889123,0
CH28H10,1,0.5322580645,0.7058823529,0.4117647059,0.4181818182,0.4929577465,0.5,0.4782608696,NA,NA,0.3164275366,0
CH28H11,1,0.5806451613,0.5294117647,0.4705882353,0.6909090909,0.1690140845,0.875,0.4782608696,0.5,0.4747239672,0.4542828532,0
CH28H12,0,0.3548387097,0.4117647059,0.4705882353,0.4636363636,0.323943662,0.875,0.4782608696,0.225,0.2426131678,0.4734005774,0
CH29H01,0,0.435483871,0.5294117647,0.2352941176,0.4545454545,0.2112676056,0.375,0.5217391304,0.425,0.8366263343,0.4089253369,0
CH29H02,1,0.3064516129,0.5882352941,0.5882352941,0.7636363636,0.6126760563,0.375,0.5217391304,NA,NA,0.6470026102,0
CH29H03,1,0.6451612903,0.6470588235,0.4705882353,0.6181818182,0.485915493,0.25,0.5217391304,0.6,0.4747239672,0.4525363094,0
CH29H04,1,0.4516129032,0.7058823529,0.4117647059,0.4545454545,0.3450704225,0.5,0.5217391304,0.425,0.2426131678,0.5195450125,0
CH29H05,0,0.5483870968,0.1176470588,0.1764705882,0.4545454545,0.04225352113,0.375,0.5217391304,NA,NA,0.3164704591,0
CH29H06,1,0.3225806452,0.4117647059,0.3529411765,0.3636363636,0.3802816901,0.25,0.5217391304,0.35,0.4747239672,0.563320813,1
CH29H07,1,0.4032258065,0.6470588235,0.4705882353,0.6727272727,0.338028169,0.5,0.5217391304,0.325,0,0.5154146289,0
CH29H08,1,0.5483870968,0.4705882353,0.5294117647,0.6545454545,0.5,0,0.5217391304,0.4,0.4247813711,0.388837892,0
CH29H09,1,0.6774193548,0.2941176471,0.4117647059,0.4545454545,0.01408450704,0.5,0.5217391304,0.5,0.8658867312,0.6569301173,0
CH29H10,1,0.7580645161,0.5882352941,0.6470588235,0.8818181818,0.323943662,1,0.5217391304,0.5,0.5557371506,0.466888417,0
CH29H13,1,0.6451612903,0.2941176471,0.4705882353,0.6363636364,0.3521126761,0.375,0.5217391304,NA,NA,0.4879661984,0
CH29H14,1,0.3870967742,0.5294117647,0.4117647059,0.4181818182,0.4154929577,0,0.5217391304,NA,NA,0.6911670323,0
CH29H15,0,0.2419354839,0.5294117647,0.1176470588,0.5,0.2253521127,0.5,0.5217391304,0.425,0.4247813711,0.710042898,0
CH30H01,1,0.564516129,0.3529411765,0.4705882353,0.7909090909,0.485915493,0,0.5652173913,0.625,0.1789882383,0.412662035,0
CH30H02,1,0.7741935484,0.5294117647,0.7058823529,0.8090909091,0.3943661972,0.5,0.5652173913,0.7,0.09572124827,0.6043102933,0
CH30H03,0,0.3548387097,0.4705882353,0.2352941176,0.3818181818,0.1056338028,1,0.5652173913,0.35,0,0.4608032835,1
CH30H04,1,0.6774193548,0.7058823529,0.8235294118,0.7545454545,0.5281690141,0.5,0.5652173913,0.4,0.2426131678,0.6276088298,0
CH30H05,1,0.5967741935,0.2941176471,0.3529411765,0.6909090909,0.2323943662,0.375,0.5652173913,NA,NA,0.5970529619,0
CH30H06,1,0.6290322581,0.4117647059,0.5882352941,0.8363636364,0.3873239437,0.625,0.5652173913,0.625,0.4747239672,0.3759361487,0
CH30H07,0,0.5161290323,0.2941176471,0.2352941176,0.5545454545,0.1408450704,0.375,0.5652173913,0.425,0.3522534907,0.2374262691,0
CH30H08,0,0.5322580645,0.5882352941,0.4117647059,0.5272727273,0.2042253521,0.5,0.5652173913,NA,NA,0.5343024411,0
CH30H09,1,0.6774193548,0.5294117647,0.5294117647,0.7,0.3943661972,0.375,0.5652173913,NA,NA,0.4810023926,0
CH30H10,0,0.6612903226,0.4705882353,0.4705882353,0.5636363636,0.2676056338,0.25,0.5652173913,0.4,0.6406075312,0.5874518555,0
CH30H13,1,0.6935483871,0.3529411765,0.4705882353,0.6090909091,0.2394366197,0.375,0.5652173913,0.675,0.4747239672,0.4395697005,0
CH31H01,1,0.5483870968,0.5882352941,0.4705882353,0.5,0.2605633803,0.5,0.6086956522,0.325,0.09572124827,0.5456339964,1
CH31H02,0,0.4032258065,0.4117647059,0.4117647059,0.5727272727,0.3098591549,0.125,0.6086956522,0.35,0.1789882383,0.4655791806,0
CH31H03,1,0.4193548387,0.9411764706,0.5882352941,0.6727272727,0.5352112676,0.375,0.6086956522,NA,NA,0.4899057909,0
CH31H04,1,0.3548387097,0.5882352941,0.5294117647,0.5636363636,0.2042253521,0.625,0.6086956522,NA,NA,0.5300883997,1
CH31H05,1,0.7903225806,0.5882352941,0.4117647059,0.5545454545,0.3661971831,0.25,0.6086956522,0.5,0.7317035141,0.4144223379,0
CH31H06,1,0.4193548387,0.4705882353,0.4705882353,0.6909090909,0.3098591549,0.5,0.6086956522,NA,NA,0.5023191826,0
CH31H07,0,0.3387096774,0.4117647059,0.1176470588,0.2181818182,0.06338028169,0.5,0.6086956522,0.675,0.7490745178,0.4802611854,0
CH31H10,1,0.6451612903,0.4117647059,0.3529411765,0.3636363636,0.2887323944,0.375,0.6086956522,0.675,0.6406075312,0.4525363094,0
CI03H01,1,0.4516129032,0.6470588235,0.6470588235,0.7,0.3661971831,0.5,0.7391304348,0.4,0.4747239672,0.784498965,1
CI03H02,1,0.5483870968,0.6470588235,0.4117647059,0.5363636364,0.2535211268,0.875,0.7391304348,NA,NA,0.5275421382,1
CI03H03,1,0.5322580645,0.5882352941,0.6470588235,0.6090909091,0.5211267606,0.5,0.7391304348,0.55,0.4747239672,0.5827190866,0
CI03H04,1,0.5161290323,0.5882352941,0.7058823529,0.5818181818,0.5985915493,0.375,0.7391304348,NA,NA,0.3103106122,0
CI03H05,1,0.6774193548,0.5294117647,0.5882352941,0.8363636364,0.5352112676,0.375,0.7391304348,0.425,0.4747239672,0.3754457578,0
CI03H06,1,0.5483870968,0.4705882353,0.4117647059,0.4454545455,0.3943661972,0.375,0.7391304348,NA,NA,0.418990989,0
CI04H01,1,0.3548387097,0.2941176471,0.2941176471,0.3545454545,0.02112676056,0.25,0.7826086957,0.6,0.4747239672,0.3789208734,1
CI04H02,1,0.4193548387,0.4117647059,0.4705882353,0.5636363636,0.2887323944,0.625,0.7826086957,0.55,0.3811471954,0.6078330126,1
CI04H03,1,0.2419354839,0.4117647059,0.4117647059,0.7090909091,0.4154929577,0.125,0.7826086957,0.475,0.4747239672,0.574250776,0
CI04H04,1,0.435483871,0.5882352941,0.4705882353,0.6636363636,0.3802816901,0.375,0.7826086957,0.5,0.7490745178,0.3780047066,0
CI04H05,1,0.6612903226,0.4705882353,0.4705882353,0.5454545455,0.3943661972,0.25,0.7826086957,0.625,0.3522534907,0.2638016585,0
CI04H06,1,0.5806451613,0.5294117647,0.7058823529,0.6454545455,0.5704225352,0.375,0.7826086957,0.5,0.4247813711,0.5141643557,0
CI04H07,1,0.7580645161,0.5294117647,0.5882352941,0.6818181818,0.3873239437,0.375,0.7826086957,0.575,0.7490745178,0.6801883588,0
CI04H08,1,0.6612903226,0.5294117647,0.2352941176,0.6181818182,0.3732394366,0.25,0.7826086957,0.275,0.04375966855,0.3991462864,0
CI04H09,1,0.5967741935,0.6470588235,0.7058823529,0.8272727273,0.5774647887,0.375,0.7826086957,NA,NA,0.3464331155,0
CI05H01,1,0.564516129,0.4117647059,0.4705882353,0.6454545455,0.2535211268,0.25,0.8260869565,0.625,0,0.412662035,0
CI05H02,1,0.5322580645,0.5294117647,0.3529411765,0.4909090909,0,0.75,0.8260869565,NA,NA,0.5766670059,0
CI05H03,1,0.6290322581,0.2941176471,0.2352941176,0.3454545455,0.2816901408,0.125,0.8260869565,0.675,0.4747239672,0.3522339233,1
CI05H04,1,0.6290322581,0.5294117647,0.3529411765,0.6818181818,0.1408450704,0.5,0.8260869565,0.675,0.6406075312,0.4292661558,0
CI05H05,1,0.4032258065,0.4705882353,0.4117647059,0.3636363636,0.3521126761,0.125,0.8260869565,0.85,0.3522534907,0.4842674737,0
CI05H06,1,0.6129032258,0.2941176471,0.4117647059,0.4454545455,0.05633802817,0.375,0.8260869565,0.875,0.7490745178,0.3523167982,0
CI06H01,1,0.6774193548,0.5294117647,0.4705882353,0.4545454545,0.323943662,0.375,0.8695652174,NA,NA,0.3695815003,0
CI06H02,0,0.3387096774,0.2941176471,0.2352941176,0.5181818182,0.3521126761,0.25,0.8695652174,0.575,0.4747239672,0.4865832473,1
CI06H03,1,0.4193548387,0.2941176471,0.3529411765,0.4272727273,0.3661971831,0.125,0.8695652174,0.775,0.1609209727,0.5519727497,0
CI06H04,1,0.5,0.5882352941,0.3529411765,0.4818181818,NA,0.5,0.8695652174,0.575,0.7490745178,0.3651044866,0
CI06H05,1,0.6129032258,0.5294117647,0.4705882353,0.6545454545,0.323943662,0.625,0.8695652174,NA,NA,0.6436842769,0
CI06H06,1,0.4677419355,0.4705882353,0.4705882353,0.5909090909,0.5,0,0.8695652174,0.6,0.1789882383,0.6232265147,0
CI06H07,1,0.6129032258,0.2941176471,0.4117647059,0.4272727273,0.2253521127,0.5,0.8695652174,0.85,0.1789882383,0.3820481736,1
CI06H08,1,0.5,0.3529411765,0.4117647059,0.3454545455,0.1549295775,0.5,0.8695652174,NA,NA,0.5296820354,0
CI06H09,1,0.3709677419,0.3529411765,0.4117647059,0.6636363636,0.1971830986,0.5,0.8695652174,0.475,0.1789882383,1,0
CI06H10,1,0.435483871,0.5294117647,0.5294117647,0.5454545455,0.3521126761,0.625,0.8695652174,0.6,0.3522534907,0.6130014975,0
CI06H11,1,0.8064516129,0.2941176471,0.4705882353,0.5090909091,0.323943662,0.25,0.8695652174,NA,NA,0.5339774972,0
CI07H01,1,0.6451612903,0.7647058824,0.4117647059,0.5818181818,0.1478873239,0.25,0.9130434783,0.9,0.8540496063,0.4289163834,0
CI07H02,1,0.6774193548,0.4117647059,0.4117647059,0.4909090909,1,0.375,0.9130434783,NA,NA,0.4340883327,0
CI07H03,0,0.3870967742,0.3529411765,0.4117647059,0.3,0.08450704225,0.375,0.9130434783,0.475,0.8366263343,0.3848026981,0
CI07H04,1,0.4516129032,0.5294117647,0.3529411765,0.4,0.161971831,0.375,0.9130434783,NA,NA,0.4764129737,0
CI09H01,1,0.3709677419,0.4705882353,0.5882352941,0.7,0.5070422535,0.75,1,NA,NA,0.4791414105,0
CI09H02,1,0.8064516129,0.5882352941,0.5294117647,0.2818181818,0.2183098592,0.625,1,0.6,0.8366263343,0.4027204588,0
CI09H03,0,0.5483870968,0.2352941176,0.2352941176,0.4636363636,0.1267605634,0.5,1,0.65,0.3811471954,0.4008991308,0
CI09H04,1,0.435483871,0.4705882353,0.4705882353,0.3545454545,0.323943662,0.5,1,0.675,0.4747239672,0.8294459103,1
CI09H05,1,0.5322580645,0.3529411765,0.4117647059,0.3181818182,0.3309859155,0.375,1,0.725,0.04375966855,0.4858857957,0
CI09H06,1,0.3870967742,0.4705882353,0.4705882353,0.5909090909,0.4014084507,0.375,1,NA,NA,0.8974940329,0
CI09H07,1,0.5,0.7058823529,0.4705882353,0.5181818182,0.514084507,0.25,1,0.7,0.09572124827,0.273672515,0
CI09H08,0,0.4032258065,0.2941176471,0.2352941176,0.4818181818,0.1408450704,0.375,1,0.975,0.6406075312,0.3970554393,0
DH27H01,1,0.5,0.5294117647,0.6470588235,0.9,0.823943662,0.5,0.4347826087,0.55,0.2426131678,0.5296820354,0
DH27H02,1,0.4032258065,0.5882352941,0.5882352941,0.6818181818,0.6549295775,0.375,0.4347826087,0.5,0.4747239672,0.4593497496,0
DH27H03,0,0.2096774194,0.4705882353,0.1764705882,0.2909090909,0.3732394366,0.375,0.4347826087,0.3,0.8366263343,0.5174911059,0
DH27H04,1,0.3709677419,0.4117647059,0.4117647059,0.5363636364,0.5211267606,0.375,0.4347826087,0.375,0.09572124827,0.5356200528,1
DH27H05,0,0.5483870968,0.4705882353,0.2941176471,0.3909090909,0.4366197183,0.375,0.4347826087,0.375,0.4247813711,0.3707460337,0
DH27H06,1,0.435483871,0.4705882353,0.6470588235,0.8090909091,0.4436619718,0.75,0.4347826087,0.55,0.7694623018,0.5326078585,0
DH27H07,1,0.7580645161,0.7647058824,0.7647058824,0.7636363636,0.9084507042,0.375,0.4347826087,NA,NA,0.3285316979,0
DH27H08,0,0.8225806452,0.3529411765,0.2941176471,0.4454545455,0.3169014085,0.5,0.4347826087,NA,NA,0.3683458876,0
DH27H09,0,0.4032258065,0.3529411765,0.3529411765,0.3545454545,0.3661971831,0.5,0.4347826087,NA,NA,0.4593497496,0
DH27H10,1,0.5,0,0.5294117647,0.5454545455,0.3873239437,0.75,0.4347826087,0.75,0.4747239672,0.4748228525,1
DH27H11,0,0.3548387097,0.5882352941,0.5882352941,0.8090909091,0.8098591549,0.5,0.4347826087,0.5,0.09572124827,0.4796992243,1
DH27H12,1,0.3870967742,0.4117647059,0.5294117647,0.5090909091,0.5774647887,0.5,0.4347826087,0.7,0.6406075312,0.4660830317,0
DH27H13,1,0.5967741935,0.5882352941,0.4705882353,0.6,0.823943662,0.25,0.4347826087,0.75,0.09572124827,0.4598087603,1
DH28H01,0,0.3387096774,0.2941176471,0.2352941176,0.3636363636,0.4507042254,0.375,0.4782608696,0.5,0.7490745178,0.5055494333,1
DH28H02,1,0.8064516129,0.4705882353,0.4117647059,NA,0.4718309859,0.625,0.4782608696,0.225,0.8366263343,0.562511636,1
DH28H03,1,0.7096774194,0.5294117647,0.6470588235,0.6909090909,0.5563380282,0.625,0.4782608696,0.45,0.5557371506,0.3227076066,0
DH28H04,1,0.5322580645,0.5294117647,0.5294117647,0.5272727273,0.4788732394,0.625,0.4782608696,0.45,0.03763511638,0.6190315707,0
DH28H05,1,0.564516129,0.5294117647,0.4705882353,0.4363636364,0.5,0.625,0.4782608696,0.7,0.3012355652,0.4066527252,0
DH28H06,1,0.4838709677,0.5294117647,0.7058823529,0.7363636364,0.8873239437,0.375,0.4782608696,0.375,0.1789882383,0.3652360434,1
DH28H07,1,0.5161290323,0.4117647059,0.5294117647,0.3727272727,0.5070422535,0.625,0.4782608696,0.425,1,0.3406790884,1
DH28H08,1,0.6290322581,0.7647058824,0.7058823529,0.6363636364,0.7323943662,0.625,0.4782608696,0.45,0.3160691026,0.5300006137,0
DH28H09,0,0.7419354839,0.4117647059,0.3529411765,0.4545454545,0.4929577465,0.5,0.4782608696,0.575,0.7694623018,0.3285316979,0
DH28H10,1,0.7096774194,0.8823529412,0.7058823529,0.6363636364,0.7042253521,0.625,0.4782608696,0.35,0.4747239672,0.5032544382,1
DH28H11,0,0.4516129032,0.3529411765,0.2352941176,0.4454545455,0.3450704225,0.75,0.4782608696,NA,NA,0.3901488962,0
DH28H12,1,0.3387096774,0.2941176471,0.1176470588,0.4909090909,0.2605633803,0.375,0.4782608696,NA,NA,0.4107185036,1
DH28H13,1,0.7580645161,0.5294117647,0.7058823529,0.6090909091,0.6971830986,0.625,0.4782608696,NA,NA,0.3861803309,0
DH28H14,1,0.7096774194,0.3529411765,0.2352941176,0.2454545455,0.4718309859,0.375,0.4782608696,0.3,0.8366263343,0.2819389672,0
DH28H16,1,0.4677419355,0.4705882353,0.5294117647,0.6363636364,0.5352112676,0.5,0.4782608696,0.475,0.09572124827,0.6600633668,0
DH28H17,1,0.564516129,0.4705882353,0.5294117647,0.7181818182,0.6408450704,0.5,0.4782608696,0.475,0.09572124827,0.4547272036,0
DH28H18,1,0.6612903226,0.3529411765,0.4117647059,0.3818181818,0.4154929577,0.25,0.4782608696,0.525,0.7694623018,0.5344909142,0
DH28H19,1,0.4838709677,0.5294117647,0.5882352941,0.6,0.6971830986,0.375,0.4782608696,0.35,0.6406075312,0.6649881977,0
DH29H01,1,0.4677419355,0.1764705882,0.2941176471,0.5090909091,0.5422535211,0.125,0.5217391304,0.65,0.3092046257,0.2794158951,1
DH29H02,0,0.6451612903,0.2352941176,0.3529411765,0.4090909091,0.4084507042,0.25,0.5217391304,0.5,0.2426131678,0.4348213649,1
DH29H03,1,0.5161290323,0.5294117647,0.7058823529,0.8090909091,0.9929577465,0.125,0.5217391304,0.825,0.7694623018,0.4803740793,0
DH29H04,0,0.8064516129,0.2941176471,0.1764705882,0.3454545455,0.4436619718,0.25,0.5217391304,NA,NA,0.2657565926,0
DH29H05,1,0.4032258065,0.6470588235,0.6470588235,0.5818181818,0.7605633803,0.5,0.5217391304,0.6,0.5557371506,0.6026266633,0
DH29H06,1,0.3064516129,0.4705882353,0.4117647059,0.3454545455,0.6549295775,0.375,0.5217391304,0.375,0.3811471954,0.564200173,1
DH29H07,0,0.3548387097,0.3529411765,0.4117647059,0.5090909091,0.5211267606,0.5,0.5217391304,NA,NA,0.3852195203,1
DH29H08,1,0.8064516129,0.5294117647,0.5882352941,0.5545454545,0.5211267606,0.625,0.5217391304,0.6,0.7490745178,NA,0
DH29H09,1,0.7580645161,0.7058823529,0.7058823529,0.5909090909,0.6338028169,0.5,0.5217391304,NA,NA,0.4726532803,0
DH29H10,1,0.6774193548,0.4705882353,0.4705882353,0.6,0.5422535211,0.375,0.5217391304,0.6,0.8658867312,0.3930385303,1
DH29H11,1,0.4032258065,0.4705882353,0.4117647059,0.1818181818,0.5422535211,0.375,0.5217391304,0.5,0.3522534907,0.3845965772,1
DH29H12,1,0.6290322581,0.4705882353,0.4705882353,0.3636363636,0.5774647887,0.375,0.5217391304,0.4,0.3277778471,0.4292661558,0
DH29H13,0,0.2903225806,0.3529411765,0.3529411765,0.4909090909,0.5211267606,0.5,0.5217391304,0.45,0.4747239672,0.5586927813,0
DH29H14,1,0.5483870968,0.7058823529,0.6470588235,0.6,0.6901408451,0.75,0.5217391304,0.075,0.04375966855,0.4310522278,1
DH29H15,1,0.564516129,0.4705882353,0.5294117647,0.6818181818,0.5281690141,0.625,0.5217391304,0.425,0.4247813711,0.5088109917,0
DH29H16,1,0.5806451613,0.4705882353,0.5294117647,0.7272727273,0.4929577465,0.375,0.5217391304,0.45,0.09572124827,0.568057708,1
DH30H01,1,0.3387096774,0.5294117647,0.5882352941,0.5090909091,0.5211267606,0.625,0.5652173913,0.7,0.4247813711,0.7647539743,0
DH30H02,1,0.6935483871,0.1764705882,0.3529411765,0.6,0.4788732394,0.125,0.5652173913,0.075,0.04375966855,0.007105900885,0
DH30H03,1,0.5161290323,0.6470588235,0.4117647059,0.4818181818,0.3732394366,0.625,0.5652173913,0.55,0.2426131678,0.5471847271,0
DH30H04,1,0.6290322581,0.4705882353,0.6470588235,0.8,0.7535211268,0.25,0.5652173913,NA,NA,0.4055639304,0
DH30H05,1,0.6290322581,0.4705882353,0.5882352941,0.6272727273,0.5845070423,0.625,0.5652173913,0.575,0.6406075312,0.4470428249,1
DH30H06,0,0.5161290323,0.4117647059,0.2352941176,0.6454545455,0.2605633803,0.5,0.5652173913,0.525,0.4747239672,0.3406790884,0
DH30H07,1,0.5806451613,0.2941176471,0.3529411765,0.5454545455,0.5422535211,0.125,0.5652173913,NA,NA,0.4902117547,0
DH30H08,1,0.3870967742,0.3529411765,0.2352941176,0.4636363636,0.3732394366,0.5,0.5652173913,0.325,0.7694623018,0.3035223645,0
DH30H09,1,0.4032258065,0.1764705882,0.4117647059,0.5272727273,0.7535211268,0.25,0.5652173913,0.375,0,0.5029557668,0
DH30H10,1,0.3870967742,0.6470588235,0.6470588235,0.7090909091,0.6830985915,0.5,0.5652173913,0.4,0.3811471954,0.4410736983,0
DH30H11,1,0.5967741935,0.4705882353,0.4705882353,0.5272727273,0.5915492958,0.375,0.5652173913,NA,NA,0.3046631411,0
DH30H13,1,0.6290322581,0.5294117647,0.7058823529,0.4636363636,0.7676056338,0.625,0.5652173913,0.6,0.4747239672,0.3285316979,0
DH30H14,1,0.5161290323,0.4705882353,0.2941176471,0.3909090909,0.3943661972,0.5,0.5652173913,NA,NA,0.4864477746,0
DH30H15,1,0.4032258065,0.5294117647,0.4117647059,0.3272727273,0.4718309859,0.625,0.5652173913,0.275,0.4247813711,0.5216440599,0
DH30H16,1,0.6451612903,0.5882352941,0.6470588235,0.7272727273,0.7957746479,0.5,0.5652173913,NA,NA,0.6887355693,0
DH30H17,1,0.2741935484,0.4705882353,0.3529411765,0.6545454545,0.5492957746,0.25,0.5652173913,NA,NA,0.6429886749,0
DH30H18,1,0.4516129032,0.5294117647,0.7058823529,0.9272727273,0.6338028169,0.625,0.5652173913,0.45,0.1789882383,0.6859114478,0
DH31H01,0,0.3225806452,0.4117647059,0.1176470588,0.05454545455,0.2957746479,0.5,0.6086956522,0.5,0.5557371506,0.5252469025,0
DH31H02,1,0.5483870968,0.5294117647,0.5882352941,0.6909090909,0.5845070423,0.625,0.6086956522,0.525,0.6406075312,0.5215115188,0
DH31H03,0,0,0.2941176471,0.2352941176,0.5181818182,0.5422535211,0.375,0.6086956522,0.5,0.2426131678,0.4382500638,0
DH31H04,1,0.8387096774,0.4705882353,0.4117647059,0.2727272727,0.6478873239,0.375,0.6086956522,NA,NA,0.4589136894,1
DH31H05,1,0.7741935484,0.4117647059,0.4705882353,0.5818181818,0.7323943662,0.125,0.6086956522,0.55,0.4747239672,0.3974763468,0
DH31H06,1,0.6290322581,0.7647058824,0.6470588235,0.5727272727,0.7957746479,0.5,0.6086956522,0.575,0.8460373957,0.4944472756,0
DH31H07,1,0.6935483871,0.4117647059,0.5882352941,0.7636363636,0.7535211268,0.5,0.6086956522,0.5,0.3012355652,0.4571020167,0
DH31H08,1,0.6451612903,0.4705882353,0.4705882353,0.5454545455,0.7394366197,0.125,0.6086956522,0.65,0.2426131678,0.4643462724,1
DH31H09,1,0.3225806452,0.5294117647,0.4705882353,0.7272727273,0.7042253521,0.375,0.6086956522,0.55,0.2426131678,0.4808273402,0
DH31H10,1,0.5161290323,0.3529411765,0.3529411765,0.4454545455,0.4436619718,0.375,0.6086956522,0.7,0.09572124827,0.3589001742,0
DH31H11,0,0.6774193548,0.5294117647,0.2352941176,0.4272727273,0.3661971831,0.375,0.6086956522,0.225,0.8366263343,0.4692738776,0
DH31H12,1,0.6290322581,0.6470588235,0.6470588235,0.6727272727,0.6830985915,0.5,0.6086956522,0.5,0.4247813711,0.500372832,0
DH31H13,1,0.6774193548,0.4705882353,0.5882352941,0.4363636364,0.8661971831,0.25,0.6086956522,0.425,0.3012355652,0.3871742728,1
DH31H14,1,0.7258064516,0.4117647059,0.3529411765,0.5181818182,0.485915493,0.5,0.6086956522,0.4,0.6406075312,0.4504201897,1
DH31H15,1,0.8064516129,0.3529411765,0.4117647059,0.2272727273,0.4225352113,0.625,0.6086956522,0.625,0.1789882383,0.3570658367,0
DH31H16,0,0.6612903226,0.3529411765,0.2352941176,0.1727272727,0.2253521127,0.5,0.6086956522,NA,NA,0.346185345,0
DH31H17,1,0.5806451613,0.4705882353,0.5882352941,0.5818181818,0.661971831,0.5,0.6086956522,0.45,0.4747239672,0.592010309,0
DI01H01,0,0.1774193548,0.1764705882,0.2352941176,0.5181818182,0.4295774648,0.25,0.652173913,0.625,0.1789882383,0.4926856238,0
DI01H02,0,0.2741935484,0.2941176471,0.1764705882,0.5454545455,0.5070422535,0.25,0.652173913,0.575,0.5557371506,0.3477841659,0
DI01H03,1,0.5806451613,0.9411764706,0.2352941176,0.4818181818,0.4225352113,0.625,0.652173913,NA,NA,0.448294703,0
DI01H04,0,0.2580645161,0.2352941176,0.1764705882,0.2545454545,0.3802816901,0.25,0.652173913,NA,NA,0.4316004659,0
DI01H05,1,0.4838709677,0.2941176471,0.4705882353,0.5909090909,0.5352112676,0.5,0.652173913,0.5,0.2426131678,NA,0
DI01H06,1,0.3870967742,0.5294117647,0.7647058824,0.6545454545,0.8873239437,0.5,0.652173913,0.525,0.6406075312,0.5286063652,0
DI01H07,1,0.6290322581,0.4705882353,0.5882352941,0.4909090909,0.8873239437,0.25,0.652173913,0.55,0.09572124827,0.4825961629,1
DI01H08,1,0.3064516129,0.2941176471,0.4705882353,0.4909090909,0.3098591549,0.75,0.652173913,0.625,0.2426131678,0.4813977358,0
DI01H09,0,0.1129032258,0.2941176471,0.1176470588,0.1818181818,0.3521126761,0.5,0.652173913,0.675,0.4747239672,0.5419446763,1
DI01H10,1,0.8225806452,0.5882352941,0.3529411765,0.4363636364,0.5985915493,0.125,0.652173913,0.525,1,0.3569704048,0
DI01H11,1,0.4838709677,0.5294117647,0.4705882353,0.5818181818,0.661971831,0.375,0.652173913,0.55,0.4247813711,0.4325273433,1
DI01H12,1,0.8548387097,0.4705882353,0.7058823529,0.6,0.6197183099,0.5,0.652173913,0.775,0.3811471954,0.3793812396,0
DI01H14,1,0.3225806452,0.5882352941,0.7647058824,0.6818181818,0.7323943662,0.875,0.652173913,0.625,0.2426131678,0.512555599,1
DI01H15,1,0.8387096774,0.5294117647,0.6470588235,0.6363636364,0.8732394366,0.25,0.652173913,0.275,0.3012355652,0.5099327296,0
DI02H01,1,0.6451612903,0.4117647059,0.5882352941,0.6363636364,0.7253521127,0.5,0.6956521739,0.75,0.4247813711,0.3580566054,1
DI02H02,0,0.3870967742,0.2941176471,0.4117647059,0.6090909091,0.4929577465,0.375,0.6956521739,0.5,0.5557371506,0.453578365,0
DI02H03,1,0.7741935484,0.2941176471,0.3529411765,0.3,0.4647887324,0.375,0.6956521739,0.5,0.3522534907,0.4204578964,1
DI02H05,1,0.5483870968,0.4705882353,0.4705882353,0.5181818182,0.4929577465,0.5,0.6956521739,0.7,0.3160691026,0.4612053248,1
DI02H06,1,0.5806451613,0.4705882353,0.6470588235,0.5454545455,0.6690140845,0.5,0.6956521739,0.525,0.4747239672,0.3405079984,1
DI02H07,0,0.4838709677,0.3529411765,0.2941176471,0.3818181818,0.5845070423,0.125,0.6956521739,0.625,0.4747239672,0.3040621343,1
DI02H08,0,0.3387096774,0.4705882353,0.2352941176,0.3090909091,0.4366197183,0.25,0.6956521739,0.55,0.4747239672,0.3411758219,0
DI02H09,1,0.435483871,0.4117647059,0.5882352941,0.6090909091,0.2887323944,0.875,0.6956521739,0.425,0.09572124827,0.4645824717,0
DI02H10,1,0.6774193548,0.3529411765,0.1764705882,0.1818181818,0.5492957746,0.25,0.6956521739,0.55,0.2426131678,0.3343959554,0
DI03H01,1,0.564516129,0.4705882353,0.5294117647,0.5545454545,0.7605633803,0.25,0.7391304348,0.55,0.3092046257,0.3705968665,0
DI03H02,0,0.3548387097,0.2941176471,0.2941176471,0.3909090909,0.4225352113,0.5,0.7391304348,0.625,0.5557371506,0.4671019304,0
DI03H03,1,0.3387096774,0.3529411765,0.1764705882,0.1181818182,0.4647887324,0.25,0.7391304348,0.5,0.8203194798,0.4549729374,1
DI03H04,1,0.4193548387,0.7058823529,0.4705882353,0.6818181818,0.6971830986,0.625,0.7391304348,0.5,0.4747239672,0.483699095,0
DI03H05,0,0.6612903226,0.1764705882,0.1764705882,0.1454545455,0.2676056338,0.375,0.7391304348,0.7,0.6406075312,0.334416247,0
DI03H06,1,0.5161290323,0.3529411765,0.4705882353,0.3636363636,0.8521126761,0.25,0.7391304348,0.5,0.2426131678,0.3710475647,1
DI03H07,1,0.6774193548,0.4117647059,0.5294117647,0.5272727273,0.4577464789,0.75,0.7391304348,0.525,0.8540496063,0.3519887279,0
DI03H08,0,0.1612903226,0.2352941176,0.1764705882,0.4636363636,0.4084507042,0.25,0.7391304348,0.55,0.6406075312,0.6581120606,0
DI03H09,0,0.5322580645,0.2941176471,0.1764705882,0.3545454545,0.4366197183,0.125,0.7391304348,0.55,0.3092046257,0.3224796172,0
DI03H10,1,0.6935483871,0.5294117647,0.4117647059,0.3454545455,0.5774647887,0.375,0.7391304348,0.5,0.4747239672,0.3928168573,1
DI03H11,1,0.4677419355,0.4117647059,0.4117647059,0.4454545455,0.6971830986,0.375,0.7391304348,0.75,0.4747239672,0.4636001556,0
DI03H12,1,0.7258064516,0.6470588235,0.4705882353,0.5363636364,0.7183098592,0.5,0.7391304348,NA,NA,0.3401401257,0
DI04H01,0,0.5322580645,0.2941176471,0.2352941176,0.3545454545,0.323943662,0.5,0.7826086957,0.55,0.3522534907,0.4193129082,1
DI04H02,1,0.3548387097,0.4705882353,0.4705882353,0.6181818182,0.7676056338,0.25,0.7826086957,0.5,0.4747239672,0.599373516,1
DI04H03,1,0.6774193548,0.6470588235,0.5882352941,0.4454545455,0.5985915493,0.625,0.7826086957,0.525,0.8366263343,0.3871742728,0
DI04H04,0,0.564516129,0.3529411765,0.2352941176,0.2909090909,0.5281690141,0.25,0.7826086957,0.5,0.4247813711,0.3826154861,0
DI04H05,1,0.6935483871,0.5294117647,0.2352941176,0.3545454545,0.6126760563,0.25,0.7826086957,0.35,0.8658867312,0.3460640141,0
DI04H07,0,0.2903225806,0.4705882353,0.2941176471,0.4363636364,0.4647887324,0.5,0.7826086957,0.5,0.2426131678,0.5459060544,0
EH25H01,0,0.6129032258,0.2352941176,0.2941176471,0.3272727273,0.07042253521,0.75,0.347826087,NA,NA,0.4593497496,1
EH25H02,1,0.5967741935,0.4705882353,0.4705882353,0.5545454545,0.4507042254,0.75,0.347826087,0.425,0.5557371506,0.4896444563,0
EH25H03,1,0.7580645161,0.5294117647,0.5294117647,0.5363636364,0.5633802817,0.625,0.347826087,NA,NA,0.4438289638,1
EH25H04,1,0.3548387097,0.4705882353,0.6470588235,0.7454545455,0.8521126761,0.125,0.347826087,0.325,0.8366263343,0.5552829875,1
EH25H05,1,0.3225806452,0.5882352941,0.6470588235,NA,0.7746478873,0.5,0.347826087,NA,NA,0.4871729919,0
EH25H06,1,0.3870967742,0.5294117647,0.4117647059,0.4818181818,0.7112676056,0.25,0.347826087,0.375,0.3277778471,0.4848400317,0
EH25H07,1,0.5,0.5882352941,0.4705882353,0.7090909091,0.676056338,0.25,0.347826087,0.1,0.8366263343,NA,1
EH25H08,0,0.7903225806,0.5294117647,0.2352941176,0.5363636364,0.1901408451,0.5,0.347826087,0.1,0.8540496063,0.4774088072,0
EH25H09,0,0.3548387097,0.5294117647,0.2352941176,0.2090909091,0.485915493,0.375,0.347826087,0.225,0.4747239672,0.4796992243,0
EH25H10,1,0.5161290323,0.5882352941,0.4705882353,0.5454545455,0.5704225352,0.375,0.347826087,NA,NA,0.4803740793,0
EH25H11,1,0.8064516129,0.7058823529,0.5882352941,0.6181818182,0.7394366197,0.375,0.347826087,NA,NA,0.3913068033,0
EH25H12,1,0.5806451613,0.6470588235,0.4705882353,0.5909090909,0.5633802817,0.5,0.347826087,0.425,0.2426131678,0.4303302522,1
EH25H13,1,0.4193548387,0.5882352941,NA,NA,NA,0.25,0.347826087,0.2,0.09572124827,0.5519727497,1
EH25H14,1,0.7258064516,0.4705882353,0.4705882353,0.4727272727,0.4154929577,0.625,0.347826087,0.325,0.3811471954,0.3517485535,1
EH25H15,1,0.7096774194,0.4705882353,0.4705882353,0.5545454545,0.5352112676,0.375,0.347826087,0.3,0.7694623018,0.2178739624,0
EH25H16,1,0.8870967742,0.6470588235,0.4705882353,0.5818181818,0.5915492958,0,0.347826087,0.425,0.7694623018,0.4014962218,0
EH25H17,0,0.6451612903,0.5294117647,0.5294117647,0.6818181818,0.5492957746,0.625,0.347826087,0.25,0.7490745178,0.3285316979,0
EH25H18,1,0.7741935484,0.6470588235,0.4705882353,0.6181818182,0.485915493,0.625,0.347826087,0.3,0.8292675239,0.5066387075,0
EH25H19,1,0.6774193548,0.4117647059,0.5294117647,0.5454545455,0.5492957746,0.5,0.347826087,0.475,0.09572124827,0.4282240752,0
EH25H20,1,0.8548387097,0.5294117647,0.5294117647,0.5181818182,0.4718309859,0.5,0.347826087,0.425,0.3811471954,0.4019810359,0
EH25H21,1,0.8870967742,0.7647058824,0.7058823529,0.4909090909,0.7676056338,0.5,0.347826087,0.4,0.7034911364,0.3341443536,0
EH25H22,0,0.4677419355,0.4117647059,0.2941176471,0.3818181818,0.5422535211,0.375,0.347826087,NA,NA,0.7030396942,1
EH26H15,1,NA,0.5882352941,0.5294117647,0.5727272727,0.5633802817,0.375,0.3913043478,0.325,0.7694623018,NA,0
EH26H16,1,0.564516129,0.4705882353,0.4705882353,0.5818181818,0.4577464789,0.5,0.3913043478,0.275,0.3811471954,0.5088109917,0
EH27H19,1,0.6451612903,0.1764705882,0.4117647059,0.3545454545,0.5845070423,0.25,0.4347826087,0.55,0.2426131678,0.5174911059,0
EH28H01,1,0.7580645161,0.5294117647,0.7058823529,0.7545454545,0.5211267606,0.625,0.4782608696,0.65,0.2426131678,0.4611235537,0
EH28H02,0,0.1774193548,0.4705882353,0.3529411765,0.2181818182,0.6126760563,0.25,0.4782608696,NA,NA,0.4532886816,0
EH28H03,1,0.5,0.2352941176,0.2352941176,0.4272727273,0.5704225352,0.25,0.4782608696,0.375,0.2426131678,0.5540638945,1
EH28H04,1,0.9193548387,0.4705882353,0.3529411765,0.6,0.5492957746,0.5,0.4782608696,0.425,0.09572124827,0.4065936173,0
EH28H06,0,0.4516129032,0.4117647059,0.1764705882,0.4272727273,0.3309859155,0.375,0.4782608696,NA,NA,0.4024723358,0
EH28H07,1,0.3387096774,0.4117647059,0.5882352941,0.6,0.7323943662,0.25,0.4782608696,NA,NA,0.568770053,0
EH28H08,1,0.6451612903,0.5882352941,0.7058823529,0.6727272727,0.8098591549,0.375,0.4782608696,0.425,0,0.5233960874,0
EH28H09,1,0.5806451613,0.5882352941,0.4705882353,0.8090909091,0.6478873239,0.375,0.4782608696,0.475,0.3012355652,0.496199905,0
EH28H10,1,0.435483871,0.5882352941,0.6470588235,0.6545454545,0.7605633803,0.375,0.4782608696,0.425,0.4747239672,0.4645824717,0
EH28H11,1,0.5161290323,0.4117647059,0.3529411765,0.4363636364,0.4507042254,0.375,0.4782608696,0.25,0.4747239672,0.7719114516,1
EH28H12,1,0.3709677419,0.4117647059,0.4705882353,0.5363636364,0.5985915493,0.375,0.4782608696,0.425,0.3012355652,0.5544462668,1
EH28H13,1,0.7580645161,0.5294117647,0.6470588235,0.6363636364,0.6338028169,0.5,0.4782608696,NA,NA,0.4034749207,0
EH28H14,0,0.564516129,0.2941176471,0.3529411765,0.6090909091,0.2676056338,0.625,0.4782608696,0.425,0.04375966855,0.3585782469,1
EH28H16,1,0.5322580645,0.4705882353,0.4705882353,0.5454545455,0.5704225352,0.625,0.4782608696,NA,NA,0.5282503604,0
EH28H17,1,0.5161290323,0.5294117647,0.4117647059,0.5454545455,0.7887323944,0,0.4782608696,NA,NA,0.4135634315,0
EH28H19,0,0.9838709677,0.5882352941,0.4117647059,0.4909090909,0.6056338028,0.375,0.4782608696,0.55,0.8540496063,0.4441088115,0
EH28H20,1,0.9677419355,0.6470588235,0.6470588235,0.6,0.7042253521,0.625,0.4782608696,0.4,0.1789882383,0.3119670745,0
EH28H21,1,0.6774193548,0.5882352941,0.2352941176,0.4454545455,0.4154929577,0.375,0.4782608696,0.475,0.8658867312,0.4282240752,0
EH28H22,0,0.4193548387,0.4705882353,0.1176470588,0.3272727273,0.4577464789,0.25,0.4782608696,0.45,1,0.4526656156,0
EH28H23,0,0.2419354839,0.05882352941,0,0.3545454545,0.2887323944,0.25,0.4782608696,NA,NA,0.2444699081,0
EH28H24,1,0.6612903226,0.8823529412,0.7058823529,0.6272727273,0.7112676056,0.625,0.4782608696,NA,NA,0.5756827575,0
EH28H25,1,0.5161290323,0.2941176471,0.1176470588,0.2,0.4577464789,0,0.4782608696,0.275,0.8658867312,0.3042369169,0
EH28H26,1,0.6612903226,0.4117647059,0.4117647059,0.3,0.5774647887,0.25,0.4782608696,0.4,0.3012355652,0.4285690315,0
EH28H27,0,0.2096774194,0.5294117647,0.1764705882,0.3454545455,0.3521126761,0.5,0.4782608696,NA,NA,0.4523326893,1
EH28H28,0,0.03225806452,0.2352941176,0.1176470588,0.1909090909,0.2605633803,0.5,0.4782608696,0.425,0.3012355652,0.5190027811,0
EH28H29,1,0.5,0.4117647059,0.5882352941,0.7181818182,0.5563380282,0.5,0.4782608696,0.425,0.5557371506,0.7247369082,0
EH28H30,1,0.6612903226,0.5882352941,0.5882352941,0.6272727273,0.4366197183,0.625,0.4782608696,0.55,0.4747239672,0.505068169,0
EH28H32,1,0.5806451613,0.4705882353,0.5882352941,0.6090909091,0.7253521127,0.5,0.4782608696,0.425,0.3160691026,0.400389501,0
EH28H33,1,0.3387096774,0.4117647059,0.1764705882,0.4272727273,0.3309859155,0.375,0.4782608696,0.425,0.3012355652,0.5371597431,1
EH28H34,0,0.2419354839,0.2941176471,0.1764705882,0.4090909091,0.3169014085,0.125,0.4782608696,0.475,0.09572124827,0.46432382,1
EH29H01,0,0.564516129,0.4117647059,0.4705882353,0.7818181818,0.4788732394,0.5,0.5217391304,0.425,0.7694623018,0.3886247959,0
EH29H02,0,0.3064516129,0.2352941176,0.2941176471,0.6363636364,0.4084507042,0.5,0.5217391304,0.425,0.3092046257,0.640633192,1
EH29H03,1,0.564516129,0.4705882353,0.1176470588,0.1272727273,0.3309859155,0.5,0.5217391304,0.425,0.4247813711,0.4186713448,0
EH29H04,0,0.3548387097,0.3529411765,0.2352941176,0.4545454545,0.3169014085,0.375,0.5217391304,NA,NA,0.4356086958,1
EH29H05,0,0.09677419355,0.1764705882,0.1176470588,0.3181818182,0.1056338028,0.375,0.5217391304,0.25,0.8658867312,0.5829573575,0
EH29H06,1,0.5322580645,0.3529411765,0.4705882353,0.5818181818,0.3802816901,0.5,0.5217391304,NA,NA,0.4132608275,1
EH29H07,0,0.6612903226,0.4705882353,0.4705882353,0.6,0.6549295775,0.25,0.5217391304,0.275,0.4247813711,0.6345282478,1
EH29H08,0,0.5967741935,0.5882352941,0.2941176471,0.4090909091,0.3661971831,0.5,0.5217391304,0.3,0.8366263343,NA,0
EH29H09,0,0.1774193548,0.4705882353,0.1764705882,0.5363636364,0.4647887324,0.375,0.5217391304,0.425,0.09572124827,0.4007594253,1
EH29H10,0,0.3870967742,0.4117647059,0.2352941176,0.3636363636,0.4647887324,0.375,0.5217391304,NA,NA,0.4098120315,0
EH29H11,1,0.4677419355,0.4705882353,0.5294117647,0.5909090909,0.5985915493,0.25,0.5217391304,0.55,0.5557371506,0.4390422542,1
EH29H12,1,0.6129032258,0.6470588235,0.4705882353,0.4,0.676056338,0.375,0.5217391304,0.375,0.3012355652,0.4474571994,0
EH29H13,1,0.5806451613,0.5882352941,0.4705882353,0.5090909091,0.5422535211,0.375,0.5217391304,0.275,0.7694623018,0.400389501,0
EH29H14,0,0.4193548387,0.4117647059,0.2941176471,0.5272727273,0.1408450704,0.625,0.5217391304,NA,NA,0.3347383938,0
EH29H15,1,0.6290322581,0.4705882353,0.6470588235,0.7272727273,0.4225352113,0.875,0.5217391304,NA,NA,0.6959161914,1
EH29H16,1,0.4677419355,0.4117647059,0.4117647059,0.6,0.323943662,0.75,0.5217391304,0.55,0,0.4451817296,0
EH29H17,0,0.435483871,0.1176470588,0.05882352941,0.3363636364,0.1901408451,0.25,0.5217391304,0.55,0.8658867312,0.1862967981,0
EH29H18,0,0.8870967742,0.4705882353,0.4117647059,0.6818181818,0.3943661972,0.5,0.5217391304,0.525,0.8366263343,0.4014962218,0
EH29H19,1,0.4193548387,0.5294117647,0.5294117647,0.7181818182,0.661971831,0.375,0.5217391304,NA,NA,0.483699095,0
EH29H20,1,0.2903225806,0.4705882353,0.4117647059,0.6272727273,0.4929577465,0.375,0.5217391304,0.375,0.8366263343,0.4627923299,1
EH29H22,1,0.6129032258,0.7058823529,0.6470588235,0.3454545455,0.5,0.5,0.5217391304,0.825,0.4747239672,0.810179979,1
EH29H23,1,0.6290322581,0.5294117647,0.5882352941,0.5454545455,0.4225352113,0.625,0.5217391304,0.275,0.8658867312,0.4825961629,1
EH29H24,1,0.4516129032,0.5882352941,0.5294117647,0.6363636364,0.8169014085,0.125,0.5217391304,0.425,0.4747239672,0.4394426548,0
EH29H25,0,0.2580645161,0.2352941176,0.1176470588,NA,0.323943662,0.25,0.5217391304,0.425,0.3811471954,0,1
EH29H26,1,0.4677419355,0.4705882353,0.4705882353,0.6363636364,0.514084507,0.5,0.5217391304,0.3,0.4747239672,0.5004370077,0
EH29H27,1,0.5806451613,0.7647058824,0.7647058824,0.8181818182,0.6690140845,0.875,0.5217391304,0.425,0.4747239672,0.4423065527,0
EH29H28,0,0.5806451613,0.2352941176,0.3529411765,0.5,0.3450704225,0.375,0.5217391304,0.425,0.3012355652,0.6039866095,0
EH30H22,1,0.564516129,0.4117647059,0.4705882353,0.7363636364,0.5,0.375,0.5652173913,0.625,0.4747239672,0.4006434154,0
EH30H24,1,0.6612903226,0.5294117647,0.6470588235,0.7636363636,0.4507042254,0.75,0.5652173913,NA,NA,0.5580291104,0
EH31H01,0,0.3064516129,0.2941176471,0.2941176471,0.5454545455,0.3028169014,0.5,0.6086956522,0.425,0.09572124827,0.4368118081,1
EH31H02,1,0.3225806452,0.4117647059,0.5294117647,0.7181818182,0.7042253521,0.375,0.6086956522,0.6,0.4747239672,0.4681360366,0
EH31H03,1,0.5161290323,0.4117647059,0.3529411765,0.3454545455,0.4788732394,0.25,0.6086956522,0.825,0.4747239672,0.4682266888,0
EH31H07,0,0.6451612903,0.2941176471,0.4117647059,0.3909090909,0.4929577465,0.5,0.6086956522,0.9,0.4747239672,0.2812918459,0
EH31H08,0,0.3064516129,0.4705882353,0.2941176471,0.4,0.5985915493,0.25,0.6086956522,0.425,0.3522534907,0.5132448271,1
EH31H09,0,0.5483870968,0.4705882353,0.3529411765,0.4545454545,0.3873239437,0.5,0.6086956522,0.425,0.6406075312,0.3707460337,0