reference,sex_binary,aims_ancestry,aims_heterozygosity,range_norm_tarsus.length,range_norm_tail.length,range_norm_wing.cord,range_norm_kipps,range_norm_distal,range_norm_p10,range_norm_releaseDay,range_norm_fall_detectDay1,range_norm_fall_bearing1,range_norm_bodyCondition,t5_spring40
AH17K18,1,0.1364280652,0.1863926293,0.6290322581,0.5882352941,0.6470588235,0.5090909091,NA,NA,0,NA,NA,0.8499806565,0
AH18K02,1,0.4220824598,0.6205450734,0.5967741935,0.4705882353,0.7058823529,0.7909090909,NA,NA,0.04347826087,0.25,0.4247813711,0.6746257714,0
AH22K02,1,0.5090152566,0.7073509015,0.4193548387,0.2941176471,0.4117647059,0.5545454545,NA,NA,0.2173913043,0.5,0.7317035141,0.3471517856,0
AH22K04,1,0.2891566265,0.4479092842,0.5161290323,0.4117647059,0.6470588235,0.6090909091,NA,NA,0.2173913043,NA,NA,0.5714795082,0
AH22K09,1,0.3830897704,0.1704940849,0.8064516129,0.3529411765,0.4705882353,0.5181818182,NA,NA,0.2173913043,0.55,0.8366263343,0.2942907314,0
AH22K11,1,0.5535585909,0.2904385334,0.564516129,NA,0.4705882353,0.6454545455,NA,NA,0.2173913043,NA,NA,0.3946341057,0
AH22K13,1,0.3170212766,0.4666666667,0.3225806452,0.5294117647,0.6470588235,0.6,NA,NA,0.2173913043,0.3,0.7317035141,0.4490990814,0
AH22K14,1,0.8557353976,0.2547501759,0.3709677419,0.5882352941,0.5882352941,0.5181818182,NA,NA,0.2173913043,NA,NA,0.5230692434,0
AH22K15,0,0.384696756,0.4647390691,0.564516129,0.3529411765,0.4117647059,0.4,NA,NA,0.2173913043,NA,NA,0.3946341057,0
AH24H02,1,0.8339088398,0.307320442,0.435483871,0.4705882353,0,0.07272727273,NA,NA,0.3043478261,0,0.4747239672,0.3841888326,0
AH24H03,1,0.3484528833,0.3832630098,0.435483871,0.2941176471,0.4117647059,0.3818181818,NA,NA,0.3043478261,NA,NA,0.4336618413,0
AH24H04,1,0.2650389243,0.4083510262,0.6129032258,0.5294117647,0.4705882353,0.6454545455,NA,NA,0.3043478261,0.3,0.4747239672,0.2393375718,0
AH24H05,1,0.2975352113,0.4809859155,0.6935483871,0.3529411765,0.2941176471,0.6181818182,NA,NA,0.3043478261,0.15,0.4747239672,0.3577522249,0
AH25H01,1,0.1316901408,0.1788732394,0.6290322581,0.2941176471,0.4705882353,0.5545454545,NA,NA,0.347826087,NA,NA,0.3700105924,0
AH25H02,1,0.2403778866,0.2820153954,0.8225806452,0.4705882353,0.5294117647,0.6454545455,NA,NA,0.347826087,0.6,0.2426131678,0.3854091117,0
AH25H03,0,0.3854883081,0.378954608,0.1935483871,0.2352941176,0.05882352941,0.2454545455,NA,NA,0.347826087,NA,NA,0.3873998212,0
AH26H01,1,0.2589285714,0.4300595238,0.1612903226,0.3529411765,0.4117647059,0.8272727273,NA,NA,0.3913043478,NA,NA,0.5394631301,0
AH26H02,1,0.2145922747,0.2775393419,0.2741935484,0.4117647059,0.6470588235,0.6545454545,NA,NA,0.3913043478,0.55,0.4747239672,0.4953864204,0
AH26H03,1,0.2726901063,0.3900245298,NA,0.2941176471,0.2352941176,0.3090909091,NA,NA,0.3913043478,NA,NA,NA,0
AH26H04,0,0.07689556509,0.1223175966,0.3548387097,0.2941176471,0.2352941176,0.7454545455,NA,NA,0.3913043478,0.325,0.2426131678,NA,0
AH26H05,1,0.03715967623,0.06548933039,0.435483871,0.4117647059,0.7058823529,0.3818181818,NA,NA,0.3913043478,NA,NA,0.5202396064,0
AH26H06,1,0.3617176128,0.6011644833,0.6935483871,0.4117647059,0.3529411765,0.4363636364,NA,NA,0.3913043478,NA,NA,0.2642465385,0
AH26H07,1,0.06666666667,0.08561403509,0.435483871,0.2352941176,0.2352941176,0.4090909091,NA,NA,0.3913043478,NA,NA,NA,0
AH26H08,1,0.1151154654,0.1686494052,0.3225806452,0.3529411765,0.3529411765,0.4454545455,NA,NA,0.3913043478,0.4,0.5557371506,0.4744816884,0
AH26H09,1,0.8361601085,0.2964721845,0.5967741935,0.4117647059,0.2941176471,0.2363636364,NA,NA,0.3913043478,0.2,0.7317035141,0.3165974195,0
AH26H10,0,0.3145743146,0.4098124098,0.2903225806,0.2941176471,0.2352941176,0.3181818182,NA,NA,0.3913043478,0.375,0.4747239672,0.4883657836,1
AH26H11,1,0.2142857143,0.3338119167,0.1129032258,0.6470588235,0.4705882353,0.2545454545,NA,NA,0.3913043478,0.475,0.2426131678,0.4885914317,0
AH26H12,0,0.956861413,0.06997282609,0.5967741935,0.7058823529,0.2941176471,0.4454545455,NA,NA,0.3913043478,NA,NA,0.3762688115,0
AH26H13,1,0.06557377049,0.09123307199,0.08064516129,0.3529411765,0.5882352941,0.4,NA,NA,0.3913043478,NA,NA,0.5974067448,0
AH31H01,1,0.1835577605,0.2537207654,0.3225806452,0.2941176471,0.2941176471,0.5272727273,NA,NA,0.6086956522,0.55,0.8292675239,0.5696664648,0
AH31H02,0,0.5066713483,0.4346910112,0.4677419355,0.2352941176,0.2352941176,0.3818181818,NA,NA,0.6086956522,0.375,0.1789882383,0.4697396309,0
AH31H03,0,0.06706884315,0.105748758,0.3709677419,0.5294117647,0.2941176471,0.3,NA,NA,0.6086956522,NA,NA,0.5293446481,0
AH31H04,1,0.4354385965,0.6757894737,0.3548387097,0.2941176471,0.4117647059,0.5272727273,NA,NA,0.6086956522,0.7,0.7317035141,0.4734005774,0
AI01H01,1,0.174368231,0.3097472924,0.3064516129,0.4705882353,0.4117647059,0.4181818182,NA,NA,0.652173913,NA,NA,0.3794870439,0
AI01H02,1,0.1313347609,0.1898643826,0.3548387097,0.5882352941,0.5294117647,0.3909090909,NA,NA,0.652173913,NA,NA,NA,0
AI01H03,0,0.6789234268,0.5921152388,0.5322580645,0.3529411765,0.1176470588,0.3181818182,NA,NA,0.652173913,0.325,0.8366263343,0.4132608275,0
AI01H04,1,0.7175398633,0.5102505695,0.5483870968,0.4705882353,0.4705882353,0.5090909091,NA,NA,0.652173913,NA,NA,0.4672359442,0
AI01H05,1,0.2383292383,0.4733824734,0.9193548387,0.5294117647,0.7647058824,0,NA,NA,0.652173913,0.55,0.4747239672,0.2839248869,0
AI01H06,1,0.1559180577,0.2830045524,0.4516129032,0.4705882353,0.5882352941,0.6181818182,NA,NA,0.652173913,0.6,0.8212251965,0.4640895341,0
AI01H07,1,0.2784704904,0.4788029925,0.5161290323,0.7058823529,0.6470588235,0.8454545455,NA,NA,0.652173913,0.7,0.7317035141,0.5714795082,0
AI01H08,1,0.130484115,0.2004538578,0.4677419355,0.2941176471,0.4705882353,0.5272727273,NA,NA,0.652173913,NA,NA,0.6416449407,0
AI01H09,1,0.7667883212,0.4474452555,0.1612903226,0.3529411765,0.4117647059,0.2636363636,NA,NA,0.652173913,NA,NA,0.4801386648,0
AI01H10,1,0.2196745562,0.3890532544,0.3709677419,0.4117647059,0.7058823529,0.8363636364,NA,NA,0.652173913,0.525,0.1789882383,0.3724595308,0
AI01H11,1,0.5222614841,0.6190812721,0.4516129032,0.5882352941,0.4117647059,0.1636363636,NA,NA,0.652173913,NA,NA,0.3655020169,0
AI01H12,1,0.1086182336,0.1531339031,0.09677419355,0.6470588235,0.4117647059,0.5,NA,NA,0.652173913,0.475,0.1789882383,0.4557445277,0
AI01H13,1,0.2524928775,0.3625356125,0.3709677419,0.4117647059,0.2941176471,0.4,NA,NA,0.652173913,NA,NA,0.3787349355,0
AI01H14,0,0.4309256662,0.5617110799,0.08064516129,0.2352941176,0.2941176471,0.4363636364,NA,NA,0.652173913,NA,NA,0.6511817542,1
AI01H15,0,0.1106259098,0.1979621543,0.2903225806,0.2941176471,0.1176470588,0.3181818182,NA,NA,0.652173913,0.375,0.4247813711,0.718526867,1
AI01H16,1,0.2591925018,0.1593366979,0.5161290323,0.4705882353,0.4705882353,0.5909090909,NA,NA,0.652173913,0.475,0.4247813711,0.3589001742,0
AI01H17,0,0.1121933622,0.1724386724,0.2258064516,0.1764705882,0.2352941176,0.6363636364,NA,NA,0.652173913,NA,NA,0.33502267,0
AI02H01,1,0.6630886427,0.5782548476,0.7903225806,0.7058823529,0.7058823529,0.7363636364,NA,NA,0.6956521739,NA,NA,0.4602306792,0
AI02H03,1,0.1712034384,0.2693409742,0.5967741935,0.2941176471,0.5882352941,0.6727272727,NA,NA,0.6956521739,0.6,0.4247813711,0.4299730643,0
AI02H04,1,0.09401408451,0.1330985915,0.3870967742,0.2941176471,0.5294117647,0.6727272727,NA,NA,0.6956521739,NA,NA,0.4098120315,0
AI02H05,0,0.1490552834,0.2015395381,0.1451612903,0.2941176471,0.1176470588,0.3727272727,NA,NA,0.6956521739,0.55,0.4747239672,0.5071975973,0
AI02H06,1,0.3629893238,0.4512455516,0.8225806452,0.5294117647,0.5294117647,0.3818181818,NA,NA,0.6956521739,NA,NA,0.3342194393,0
AI02H07,0,0.1470588235,0.2080344333,0.3387096774,0.5294117647,0.4705882353,0.5545454545,NA,NA,0.6956521739,NA,NA,0.5371597431,0
AI02H08,0,0.9262295082,0.1284153005,NA,0.7058823529,0.2941176471,0.2636363636,NA,NA,0.6956521739,0.55,0.8292675239,NA,1
AI02H10,1,0.09671532847,0.1379562044,0.3064516129,0.4705882353,0.6470588235,0.8090909091,NA,NA,0.6956521739,NA,NA,NA,0
BH28H01,1,0.4549950544,0.8941641939,0.4516129032,NA,0.2941176471,0.4363636364,0.4014084507,0.375,0.5217391304,NA,NA,0.4332809349,0
BH28H02,1,0.4228087649,0.8316733068,0.4032258065,0.3529411765,0.4705882353,0.5363636364,0.6549295775,0.25,0.5217391304,NA,NA,0.4406614565,0
BH28H03,1,0.7403508772,0.4477192982,0.564516129,0.2352941176,0.1176470588,0.3454545455,0.1901408451,0.25,0.5217391304,0.55,0.7317035141,0.4787644428,0
BH28H04,1,0.8560325685,0.2509252406,0.7096774194,0.5882352941,0.7647058824,0.8090909091,0.8309859155,0.25,0.5217391304,0.45,0.1789882383,0.8818203753,0
BH28H05,1,0.462962963,0.9198790627,0.3225806452,0.4117647059,0.4705882353,0.4636363636,0.6830985915,0.375,0.5217391304,0.375,0.5557371506,0.4364077778,1
BH28H06,1,0.1669034091,0.3025568182,0.4677419355,0.4117647059,0.1764705882,0.3545454545,0.4647887324,0.25,0.5217391304,0.4,0.09572124827,0.3162527472,0
BH28H07,0,0.8287721893,0.3291420118,NA,NA,NA,NA,NA,NA,0.5217391304,NA,NA,NA,0
BH28H08,1,0.3356824926,0.5289317507,0.6774193548,0.3529411765,0.2941176471,0.2545454545,0.4084507042,0.375,0.5217391304,0.625,0.4747239672,0.3930385303,0
BH30H07,1,0.2676005747,0.4619252874,0.6451612903,0.5294117647,0.4117647059,0.6818181818,0.514084507,0.375,0.6086956522,0.35,0.4747239672,0.4230114019,0
BH31H01,1,0.2846094354,0.524361949,0.4677419355,0.4705882353,0.7058823529,0.8272727273,0.6056338028,0.5,0.652173913,0.5,0.4247813711,0.4513212049,0
BH31H02,1,0.6548703574,0.5781359495,0.7580645161,0.5294117647,0.4705882353,0.6,0.3802816901,0.5,0.652173913,NA,NA,0.3515911511,0
BH31H03,0,0.5264136905,0.9263392857,0.5806451613,0.5882352941,0.2352941176,0.3818181818,0.1478873239,0.5,0.652173913,0.35,0.8366263343,0.4363184025,1
BH31H04,1,0.4526542324,0.8823529412,0.5806451613,0.6470588235,0.3529411765,0.4636363636,0.4788732394,0.375,0.652173913,0.475,0.8540496063,0.3524842989,0
BH31H05,1,0.722310757,0.5346613546,0.5,0.4117647059,0.5294117647,0.5454545455,0.5352112676,0.375,0.652173913,0.275,0.8366263343,0.5479684297,0
BH31H06,0,0.4792709078,0.4653323803,0.4032258065,0.5294117647,0.4705882353,0.4090909091,0.4647887324,0.25,0.652173913,NA,NA,0.4593497496,0
BH31H07,1,0.3204565408,0.6268656716,0.4032258065,0.6470588235,0.5882352941,0.5272727273,0.5070422535,0.375,0.652173913,0.525,0.1789882383,0.5091851978,1
BH31H08,1,0.4676634214,0.6182197497,0.7903225806,0.7058823529,0.4705882353,0.6181818182,0.5563380282,0.375,0.652173913,0.75,0.09572124827,0.4487785939,0
BH31H09,1,0.4279086367,0.4175588865,0.7419354839,0.3529411765,0.5294117647,0.7,0.6690140845,0.25,0.652173913,NA,NA,0.3516695846,0
BH31H10,0,0.1437104708,0.1791988756,0.4032258065,0.4117647059,0.5294117647,0.6272727273,0.5422535211,0.5,0.652173913,NA,NA,0.5527912151,0
BH31H11,1,0.04237288136,0.0593220339,0.1935483871,0.4117647059,0.4117647059,0.3454545455,0.4225352113,0.375,0.652173913,NA,NA,0.6751995348,0
BH31H12,1,0.3758967001,0.668579627,1,0.7647058824,0.7058823529,0.4272727273,0.8802816901,0.5,0.652173913,0.525,0.3522534907,0.5315106749,0
BH31H13,1,0.1124301676,0.1368715084,0.4032258065,0.6470588235,0.5294117647,0.5272727273,0.3169014085,0.75,0.652173913,NA,NA,0.4967263358,0
BI01H01,1,0.325036075,0.398989899,0.7580645161,0.5294117647,0.5294117647,0.6727272727,0.4366197183,0.25,0.6956521739,0.775,0.7317035141,0.3458262878,1
BI01H02,1,0.06703296703,0.1267399267,0.6774193548,0.4705882353,0.4705882353,0.6727272727,0.3873239437,0.75,0.6956521739,0.55,0.7317035141,0.3695815003,1
BI01H03,1,0.3061863743,0.4886452623,0.7258064516,0.5294117647,0.5882352941,0.4090909091,0.7042253521,0.375,0.6956521739,0.5,0.8292675239,0.4097906925,1
BI01H04,1,0.07465900933,0.1234745154,0.5161290323,1,0.4705882353,0.5454545455,0.4295774648,0.5,0.6956521739,0.625,0.2426131678,0.4925214698,0
BI01H05,1,0.05740072202,0.08014440433,0.5967741935,0.7058823529,0.7647058824,0.8545454545,0.7957746479,0.5,0.6956521739,NA,NA,0.4419073427,0
BI01H06,1,0.4988954345,0.7488954345,0.7096774194,0.7647058824,0.7058823529,0.8,0.2605633803,1,0.6956521739,0.675,0.5557371506,0.5323748949,0
BI01H07,1,0.1232368226,0.2227171492,0.4838709677,0.6470588235,0.7058823529,0.6818181818,0.6056338028,0.5,0.6956521739,0.5,0.4247813711,0.4753490796,0
BI01H08,1,0.3867521368,0.3703703704,0.6774193548,0.4117647059,0.5294117647,0.6363636364,0.4295774648,0.375,0.6956521739,0.525,0.4747239672,0.4634096202,0
BI01H09,1,0.3591785415,0.4132439229,0.6290322581,0.3529411765,0.3529411765,0.4181818182,0.4295774648,0.25,0.6956521739,NA,NA,0.4470428249,0
BI01H10,0,0.5159461375,0.5712260808,0.3709677419,0.4705882353,0.3529411765,0.4818181818,0.3309859155,0.5,0.6956521739,0.625,0.7317035141,0.4603151965,0
BI01H11,1,0.1484780995,0.2657757981,0.435483871,0.5294117647,0.4705882353,0.4636363636,0.4225352113,0.5,0.6956521739,NA,NA,0.5820808671,0
BI01H12,1,0.3253571429,0.325,0.7580645161,0.6470588235,0.7647058824,0.5272727273,0.5704225352,0.5,0.6956521739,0.35,0.2426131678,0.6801883588,1
BI01H13,1,0.3675832127,0.5701881331,0.6935483871,0.5294117647,0.6470588235,0.6454545455,0.4295774648,0.5,0.6956521739,0.6,0.4747239672,0.5856723356,0
BI01H14,1,0.2005347594,0.3231474408,0.5161290323,0.2941176471,0.4705882353,0.6545454545,0.4366197183,0.5,0.6956521739,0.525,0.4747239672,0.6018479844,0
BI02H01,1,0.1384136858,0.2737169518,0.5,0.5294117647,0.5294117647,0.4636363636,0.5281690141,0.375,0.7391304348,0.4,0.1789882383,0.8771235275,1
BI02H02,1,0.2878895184,0.459631728,0.3064516129,0.1764705882,0.4117647059,0.4818181818,0.5422535211,0.25,0.7391304348,0.375,0.6406075312,0.4495506446,0
BI02H03,1,0.2171003717,0.4237918216,0.6129032258,0.5294117647,0.5294117647,0.4636363636,0.4436619718,0.625,0.7391304348,0.275,0.4747239672,0.5128662253,0
BI02H04,0,0.2971326165,0.4594982079,0.4193548387,0.2941176471,0.2941176471,0.5454545455,0.3309859155,0.25,0.7391304348,0.625,0.4747239672,0.4774923991,0
BI02H05,1,0.364280652,0.6321757619,0.8064516129,0.5882352941,0.5882352941,0.4090909091,0.6478873239,0.375,0.7391304348,0.6,0.04375966855,0.419840942,0
BI02H06,0,0.5450674237,0.8105039035,0.4677419355,0.2352941176,0.3529411765,0.4545454545,0.5,0.125,0.7391304348,0.65,0.7694623018,0.6232265147,0
BI02H07,1,0.106092437,0.112745098,0.7096774194,0.5882352941,0.8235294118,1,0.7042253521,0.75,0.7391304348,NA,NA,0.3110594239,0
BI02H08,1,0.4202586207,0.6623563218,0.6612903226,0.5294117647,0.5294117647,0.6272727273,0.4718309859,0.125,0.7391304348,0.4,0.2426131678,0.4638763258,0
BI02H09,0,0.5854253835,0.7133891213,0.5483870968,0.5294117647,0.4705882353,0.5454545455,0.5211267606,0.375,0.7391304348,0.625,0.4747239672,0.3828072726,0
BI02H10,0,0.5207746479,0.5161971831,0.4838709677,0.2941176471,0.2941176471,0.5363636364,0.4295774648,0.375,0.7391304348,0.8,0.4747239672,0.6160490705,1
BI02H11,1,0.2007762879,0.3126323218,0.6774193548,0.5294117647,0.4705882353,0.5,0.4507042254,0.5,0.7391304348,0.75,0.1789882383,0.5396449675,0
BI02H12,1,0.2232207045,0.3213515457,0.04838709677,0.5882352941,0.4705882353,0.3090909091,0.7112676056,0.25,0.7391304348,0.375,0.4747239672,0.8434649053,1
BI03H01,1,0.2526652452,0.3987206823,0.2903225806,0.5294117647,0.4705882353,0.7,0.5,0.5,0.7826086957,0.8,0.4747239672,0.5586927813,0
BI03H02,0,0.225,0.3471830986,0.3548387097,0.4117647059,0.3529411765,0.6272727273,0.5704225352,0.25,0.7826086957,0.525,0.3522534907,0.4734005774,0
BI03H03,1,0.3557353976,0.5383532723,0.6774193548,0.5294117647,0.3529411765,0.6909090909,0.3873239437,0.125,0.7826086957,0.525,0.4747239672,0.5103236801,0
BI03H04,1,0.2960954447,0.4201012292,0.5967741935,0.6470588235,0.5882352941,0.4545454545,0.5352112676,0.625,0.7826086957,0.6,0.1789882383,0.4956115955,0
BI03H05,1,0.09087743733,0.1288300836,0.5967741935,0.4117647059,0.2941176471,0.5636363636,0.3802816901,0.375,0.7826086957,NA,NA,0.5135130131,0
BI03H06,1,0.3877180233,0.5574127907,0.8548387097,0.5882352941,0.4705882353,0.3181818182,0.6338028169,0.625,0.7826086957,0.825,0.3811639234,0.6449288461,0
BI03H07,1,0.1640855457,0.2735988201,0.7580645161,0.5294117647,0.6470588235,0.7272727273,0.6549295775,0.5,0.7826086957,NA,NA,0.4899478701,0
BI03H08,1,0.2395906845,0.3959068454,0.3387096774,0.3529411765,0.4705882353,0.6272727273,0.6126760563,0.375,0.7826086957,1,0.7694623018,0.6003803629,0
BI04H01,1,0.2482369535,0.3794076164,0.7419354839,0.5294117647,0.8235294118,0.8545454545,0.5070422535,1,0.8260869565,0.35,0.4747239672,0.5714795082,1
BI04H02,0,0.1010638298,0.1496453901,0.2903225806,0.2941176471,0.2352941176,0.4363636364,0.4084507042,0.25,0.8260869565,NA,NA,0.5011525105,0
BI04H03,1,0.4332634521,0.4696016771,0.6451612903,0.4117647059,0.4705882353,0.6545454545,0.5915492958,0.25,0.8260869565,0.55,0.3522534907,0.6355907359,0
BI04H04,1,0.3521882742,0.5623451693,0.9032258065,0.5294117647,0.6470588235,0.6181818182,0.7957746479,0.25,0.8260869565,NA,NA,0.2278362239,0
BI04H05,1,0.2566713483,0.3518258427,0.6774193548,0.3529411765,0.4117647059,0.5818181818,0.4295774648,0.375,0.8260869565,0.6,0.4747239672,0.6510658598,1
BI04H06,1,0.6013094418,0.7077877326,0.8387096774,0.6470588235,1,0.6272727273,0.5633802817,0.625,0.8260869565,0.8,0.7317035141,0.5722893342,0
BI04H07,1,0.1696175637,0.2627478754,0.1451612903,0.5882352941,0.5882352941,0.4454545455,0.6126760563,0.5,0.8260869565,0.5,0.5557371506,0.5204321083,0
BI04H08,1,0.1774193548,0.221598878,0.7258064516,0.5294117647,0.4117647059,0.6181818182,0.4577464789,0.5,0.8260869565,0.8,0.4747239672,0.3343359118,0
BI04H09,1,0.2169197397,0.2675343456,0.5967741935,0.2941176471,0.4705882353,0.6363636364,0.4718309859,0.375,0.8260869565,NA,NA,0.4717430387,0
BI04H11,1,0.1283309958,0.1795231417,0.5161290323,0.2941176471,0.4117647059,0.4545454545,0.4929577465,0.5,0.8260869565,0.85,0.4747239672,0.4560792983,0
BI04H12,0,0.233357453,0.3712011577,0.3548387097,0.4705882353,0.5882352941,0.7181818182,0.7183098592,0.375,0.8260869565,0.775,0.04375966855,0.4419073427,0
BI04H13,1,0.8120063191,0.3443917852,0.8387096774,0.6470588235,0.4705882353,0.5363636364,0.6549295775,0.75,0.8260869565,0.35,0.8366263343,0.424900996,0
BI04H14,1,0.05748757984,0.0894251242,0.4516129032,0.2941176471,0.6470588235,0.6363636364,0.7042253521,0.375,0.8260869565,0.625,0.2426131678,0.4764129737,0
BI05H01,1,0.1264084507,0.1852112676,0.4516129032,0.9411764706,0.4705882353,0.6545454545,0.4929577465,0.5,0.8695652174,0.525,0.4747239672,0.6982348874,0
BI05H02,0,0.7873352855,0.3638360176,0.6129032258,0.3529411765,0.2941176471,0.5636363636,0.3169014085,0.375,0.8695652174,0.5,0.7317035141,0.5366513256,0
BI05H03,1,0.1040644709,0.1352487737,0.4193548387,0.4117647059,0.7058823529,0.6454545455,0.5422535211,0.625,0.8695652174,NA,NA,0.5830062291,0
BI05H04,1,0.1298381422,0.206192822,0.3387096774,0.3529411765,0.5882352941,0.5454545455,0.5563380282,0.625,0.8695652174,NA,NA,0.4992273713,0
BI05H05,1,0.1476224273,0.1731724627,0.6290322581,0.5294117647,0.6470588235,0.4909090909,0.5563380282,0.5,0.8695652174,NA,NA,0.5062983883,0
BI05H06,1,0.1790843806,0.3473967684,0.4193548387,0.5294117647,0.5294117647,0.5818181818,0.5211267606,0.625,0.8695652174,0.625,0.1789882383,0.4774923991,0
BI05H07,1,0.2191011236,0.3441011236,0.435483871,0.5294117647,0.5882352941,0.6181818182,0.514084507,0.375,0.8695652174,0.625,0.4747239672,0.4522142195,1
BI05H10,1,0.1188936782,0.1975574713,0.5483870968,0.5882352941,0.7058823529,0.6545454545,0.6267605634,0.375,0.8695652174,NA,NA,0.4551747054,0
BI05H11,1,0.07837648705,0.1035689293,0.2580645161,0.3529411765,0.5882352941,0.3909090909,0.8169014085,0.25,0.8695652174,NA,NA,0.4895766479,0
BI05H12,1,0.1184397163,0.170212766,0.2741935484,0.2941176471,0.5294117647,0.7272727273,0.4929577465,0.375,0.8695652174,0.6,0.3522534907,0.4568814845,0
BI05H13,1,0.1459276018,0.2119155354,0.1774193548,0.2352941176,0.4705882353,0.5727272727,0.4366197183,0.375,0.8695652174,0.65,0.09572124827,0.7093688059,1
BI06H01,1,0.2546296296,0.2784900285,0.6451612903,0.5294117647,0.4705882353,0.4454545455,0.485915493,0.375,0.9130434783,0.625,0.4747239672,0.4052964574,0
BI06H02,1,0.1041076487,0.1558073654,0.5967741935,0.2941176471,0.4117647059,0.6363636364,0.5704225352,0.125,0.9130434783,NA,NA,0.4001373683,0
BI06H03,1,0.4209219858,0.404964539,NA,0.5882352941,0.4705882353,0.5727272727,0.5563380282,0.25,0.9130434783,0.65,0.4747239672,NA,0
BI06H04,0,0.1239224138,0.1860632184,0.5,0.1764705882,0.3529411765,0.4636363636,0.9295774648,0.375,0.9130434783,NA,NA,0.40777274,0
BI06H05,1,0.05777616279,0.09375,0.4516129032,0.3529411765,0.4117647059,0.5,0.3802816901,0.5,0.9130434783,0.55,0.4247813711,0.4948981332,0
BI06H06,0,0.301987225,0.3555713272,0.7419354839,0.4705882353,0.4705882353,0.4545454545,0.4718309859,0.5,0.9130434783,0.75,0.6406075312,0.3921608863,0
BI06H07,1,0.6239346591,0.3075284091,0.7258064516,0.4117647059,0.5882352941,0.7272727273,0.6056338028,0.5,0.9130434783,0.5,0.8292675239,0.4330075481,1
BI06H08,0,0.1253561254,0.2136752137,0.3709677419,0.4117647059,0.4117647059,0.4,0.3732394366,0.625,0.9130434783,0.625,0,0.8431148827,0
BI06H10,1,0.2182481752,0.3459854015,0.6612903226,0.4117647059,0.7058823529,0.6818181818,0.6478873239,0.375,0.9130434783,0.675,0.6406075312,0.4344535806,1
BI06H11,0,0.1711095101,0.1851585014,0.5,0.2352941176,0.3529411765,0.4,0.3169014085,0.375,0.9130434783,NA,NA,0.4748228525,0
BI06H12,1,0.0878477306,0.140556369,0.5967741935,0.5294117647,0.5294117647,0.4454545455,0.823943662,0.125,0.9130434783,NA,NA,0.3643345331,0
BI06H13,1,0.08345120226,0.1159830269,0.3709677419,0.4117647059,0.6470588235,0.5454545455,0.7253521127,NA,0.9130434783,NA,NA,0.5669970762,0
BI06H14,1,0.08996415771,0.1268817204,0.6774193548,0.6470588235,0.4705882353,0.6272727273,0.4366197183,0.625,0.9130434783,NA,NA,0.3813100153,0
BI07H01,1,0.1734693878,0.1360544218,0.4677419355,0.4117647059,0.6470588235,0.5454545455,0.4929577465,0.625,0.9565217391,NA,NA,0.5004370077,0
BI07H02,1,0.174315322,0.2168763879,0.5,0.3529411765,0.4705882353,0.5454545455,NA,0.5,0.9565217391,0.8,0.4747239672,0.4626319229,0
BI07H03,1,0.3211864407,0.5322033898,0.7580645161,0.7058823529,0.6470588235,0.5818181818,0.7605633803,0.5,0.9565217391,0.525,0.4747239672,0.6167748626,1
BI07H04,1,0.08140376266,0.1237337192,0.4032258065,0.5882352941,0.7058823529,0.6545454545,0.7816901408,0.375,0.9565217391,0.625,0.09572124827,0.5278734909,0
CH27H01,1,0.4657485876,0.5233050847,0.7096774194,0.4117647059,0.4705882353,0.6545454545,0.6830985915,0.25,0.4347826087,0.4,0.5557371506,0.4333653421,0
CH27H02,1,0.642461964,0.6210235131,0.5161290323,0.5294117647,0.4705882353,0.5545454545,0.1901408451,0.5,0.4347826087,NA,NA,0.4743003841,0
CH27H03,0,0.340112202,0.5063113604,0.5,0.4117647059,0.4117647059,0.4909090909,0.2605633803,0.5,0.4347826087,0.6,0.5557371506,0.2431951911,0
CH27H04,0,0.6836874572,0.4640164496,0.6290322581,0.2941176471,0.2352941176,0.3818181818,0.176056338,0.25,0.4347826087,0.25,0.4747239672,0.3166805852,0
CH27H05,1,0.5559006211,0.6397515528,0.9516129032,0.5294117647,0.6470588235,0.5727272727,0.4295774648,0.375,0.4347826087,NA,NA,0.4670198634,0
CH28H01,1,0.04942279942,0.06565656566,0,0.4705882353,0.2941176471,0.3909090909,0.3169014085,0.5,0.4782608696,0.325,0.1789882383,0.4451074617,0
CH28H02,0,0.4370677732,0.3098201936,0.2741935484,0.2352941176,0.2352941176,0.4545454545,0.02112676056,0.375,0.4782608696,NA,NA,0.3991240805,0
CH28H03,1,0.1840447866,0.2323303009,0.1935483871,0.3529411765,0.4117647059,0.5727272727,0.1478873239,0.875,0.4782608696,0.35,0.6406075312,0.4331861393,0
CH28H04,1,0.1077464789,0.1338028169,0.3870967742,0.5882352941,0.6470588235,0.8454545455,0.4929577465,0.5,0.4782608696,0.225,0.09572124827,0.5848773653,0
CH28H06,1,0.5898491084,0.6680384088,0.5967741935,0.5882352941,0.5294117647,0.5636363636,0.3591549296,0.375,0.4782608696,0.275,0.7490745178,0.5075458739,0
CH28H07,1,0.3738580464,0.1981728742,0.6774193548,0.5882352941,0.4117647059,0.5636363636,0.4366197183,0.375,0.4782608696,0.6,0.3522534907,0.4282240752,0
CH28H08,1,0.1870579915,0.2779349364,0.4677419355,0.3529411765,0.4705882353,0.7636363636,0.4366197183,0.25,0.4782608696,0.325,0.09572124827,0.3592290747,0
CH28H09,0,0.575206044,0.6902472527,0.6774193548,0.2941176471,0.3529411765,0.4363636364,0.07746478873,0.75,0.4782608696,0.65,0.3522534907,0.269889123,0
CH28H10,1,0.4833679834,0.3333333333,0.5322580645,0.7058823529,0.4117647059,0.4181818182,0.4929577465,0.5,0.4782608696,NA,NA,0.3164275366,0
CH28H11,1,0.07509025271,0.09819494585,0.5806451613,0.5294117647,0.4705882353,0.6909090909,0.1690140845,0.875,0.4782608696,0.5,0.4747239672,0.4542828532,0
CH28H12,0,0.05157593123,0.0787965616,0.3548387097,0.4117647059,0.4705882353,0.4636363636,0.323943662,0.875,0.4782608696,0.225,0.2426131678,0.4734005774,0
CH29H01,0,0.8510158014,0.1655379985,0.435483871,0.5294117647,0.2352941176,0.4545454545,0.2112676056,0.375,0.5217391304,0.425,0.8366263343,0.4089253369,0
CH29H02,1,0.03338570306,0.0447761194,0.3064516129,0.5882352941,0.5882352941,0.7636363636,0.6126760563,0.375,0.5217391304,NA,NA,0.6470026102,0
CH29H03,1,0.5334909377,0.1418439716,0.6451612903,0.6470588235,0.4705882353,0.6181818182,0.485915493,0.25,0.5217391304,0.6,0.4747239672,0.4525363094,0
CH29H04,1,0.1040296053,0.05016447368,0.4516129032,0.7058823529,0.4117647059,0.4545454545,0.3450704225,0.5,0.5217391304,0.425,0.2426131678,0.5195450125,0
CH29H05,0,0.5555102041,0.7208163265,0.5483870968,0.1176470588,0.1764705882,0.4545454545,0.04225352113,0.375,0.5217391304,NA,NA,0.3164704591,0
CH29H06,1,0.3484504913,0.477702192,0.3225806452,0.4117647059,0.3529411765,0.3636363636,0.3802816901,0.25,0.5217391304,0.35,0.4747239672,0.563320813,1
CH29H07,1,0.3035328046,0.2509012257,0.4032258065,0.6470588235,0.4705882353,0.6727272727,0.338028169,0.5,0.5217391304,0.325,0,0.5154146289,0
CH29H08,1,0.3709795322,0.5709064327,0.5483870968,0.4705882353,0.5294117647,0.6545454545,0.5,0,0.5217391304,0.4,0.4247813711,0.388837892,0
CH29H09,1,0.436121673,0.5802281369,0.6774193548,0.2941176471,0.4117647059,0.4545454545,0.01408450704,0.5,0.5217391304,0.5,0.8658867312,0.6569301173,0
CH29H10,1,0.2616017964,0.3166167665,0.7580645161,0.5882352941,0.6470588235,0.8818181818,0.323943662,1,0.5217391304,0.5,0.5557371506,0.466888417,0
CH29H13,1,0.08987915408,0.1072507553,0.6451612903,0.2941176471,0.4705882353,0.6363636364,0.3521126761,0.375,0.5217391304,NA,NA,0.4879661984,0
CH29H14,1,0.08491253644,0.1304664723,0.3870967742,0.5294117647,0.4117647059,0.4181818182,0.4154929577,0,0.5217391304,NA,NA,0.6911670323,0
CH29H15,0,0.3700078309,0.476898982,0.2419354839,0.5294117647,0.1176470588,0.5,0.2253521127,0.5,0.5217391304,0.425,0.4247813711,0.710042898,0
CH30H01,1,0.1328538986,0.1748675246,0.564516129,0.3529411765,0.4705882353,0.7909090909,0.485915493,0,0.5652173913,0.625,0.1789882383,0.412662035,0
CH30H02,1,0.1221590909,0.140625,0.7741935484,0.5294117647,0.7058823529,0.8090909091,0.3943661972,0.5,0.5652173913,0.7,0.09572124827,0.6043102933,0
CH30H03,0,0.1421499293,0.2319660537,0.3548387097,0.4705882353,0.2352941176,0.3818181818,0.1056338028,1,0.5652173913,0.35,0,0.4608032835,1
CH30H04,1,0.1629814551,0.1904422254,0.6774193548,0.7058823529,0.8235294118,0.7545454545,0.5281690141,0.5,0.5652173913,0.4,0.2426131678,0.6276088298,0
CH30H05,1,0.2134831461,0.3940074906,0.5967741935,0.2941176471,0.3529411765,0.6909090909,0.2323943662,0.375,0.5652173913,NA,NA,0.5970529619,0
CH30H06,1,0.05261221486,0.09345106696,0.6290322581,0.4117647059,0.5882352941,0.8363636364,0.3873239437,0.625,0.5652173913,0.625,0.4747239672,0.3759361487,0
CH30H07,0,0.06080586081,0.09230769231,0.5161290323,0.2941176471,0.2352941176,0.5545454545,0.1408450704,0.375,0.5652173913,0.425,0.3522534907,0.2374262691,0
CH30H08,0,0.5180722892,0.5993975904,0.5322580645,0.5882352941,0.4117647059,0.5272727273,0.2042253521,0.5,0.5652173913,NA,NA,0.5343024411,0
CH30H09,1,0.102489019,0.1200585652,0.6774193548,0.5294117647,0.5294117647,0.7,0.3943661972,0.375,0.5652173913,NA,NA,0.4810023926,0
CH30H10,0,0.1610169492,0.2118644068,0.6612903226,0.4705882353,0.4705882353,0.5636363636,0.2676056338,0.25,0.5652173913,0.4,0.6406075312,0.5874518555,0
CH30H13,1,0.08538350217,0.1259044863,0.6935483871,0.3529411765,0.4705882353,0.6090909091,0.2394366197,0.375,0.5652173913,0.675,0.4747239672,0.4395697005,0
CH31H01,1,0.3507281553,0.4279935275,0.5483870968,0.5882352941,0.4705882353,0.5,0.2605633803,0.5,0.6086956522,0.325,0.09572124827,0.5456339964,1
CH31H02,0,0.144622093,0.1860465116,0.4032258065,0.4117647059,0.4117647059,0.5727272727,0.3098591549,0.125,0.6086956522,0.35,0.1789882383,0.4655791806,0
CH31H03,1,0.425389755,0.6889383816,0.4193548387,0.9411764706,0.5882352941,0.6727272727,0.5352112676,0.375,0.6086956522,NA,NA,0.4899057909,0
CH31H04,1,0.0690668626,0.1087435709,0.3548387097,0.5882352941,0.5294117647,0.5636363636,0.2042253521,0.625,0.6086956522,NA,NA,0.5300883997,1
CH31H05,1,0.8123268698,0.324099723,0.7903225806,0.5882352941,0.4117647059,0.5545454545,0.3661971831,0.25,0.6086956522,0.5,0.7317035141,0.4144223379,0
CH31H06,1,0.1245551601,0.1451957295,0.4193548387,0.4705882353,0.4705882353,0.6909090909,0.3098591549,0.5,0.6086956522,NA,NA,0.5023191826,0
CH31H07,0,0.4427480916,0.4371963914,0.3387096774,0.4117647059,0.1176470588,0.2181818182,0.06338028169,0.5,0.6086956522,0.675,0.7490745178,0.4802611854,0
CH31H10,1,0.1788732394,0.2352112676,0.6451612903,0.4117647059,0.3529411765,0.3636363636,0.2887323944,0.375,0.6086956522,0.675,0.6406075312,0.4525363094,0
CI03H01,1,0.0899859944,0.1155462185,0.4516129032,0.6470588235,0.6470588235,0.7,0.3661971831,0.5,0.7391304348,0.4,0.4747239672,0.784498965,1
CI03H02,1,0.2229254571,0.3192686357,0.5483870968,0.6470588235,0.4117647059,0.5363636364,0.2535211268,0.875,0.7391304348,NA,NA,0.5275421382,1
CI03H03,1,0.4695164681,0.414856342,0.5322580645,0.5882352941,0.6470588235,0.6090909091,0.5211267606,0.5,0.7391304348,0.55,0.4747239672,0.5827190866,0
CI03H04,1,0.08564321251,0.1087420043,0.5161290323,0.5882352941,0.7058823529,0.5818181818,0.5985915493,0.375,0.7391304348,NA,NA,0.3103106122,0
CI03H05,1,0.09366096866,0.1346153846,0.6774193548,0.5294117647,0.5882352941,0.8363636364,0.5352112676,0.375,0.7391304348,0.425,0.4747239672,0.3754457578,0
CI03H06,1,0.1686875892,0.227532097,0.5483870968,0.4705882353,0.4117647059,0.4454545455,0.3943661972,0.375,0.7391304348,NA,NA,0.418990989,0
CI04H01,1,0.406405694,0.2761565836,0.3548387097,0.2941176471,0.2941176471,0.3545454545,0.02112676056,0.25,0.7826086957,0.6,0.4747239672,0.3789208734,1
CI04H02,1,0.2159010601,0.3187279152,0.4193548387,0.4117647059,0.4705882353,0.5636363636,0.2887323944,0.625,0.7826086957,0.55,0.3811471954,0.6078330126,1
CI04H03,1,0.4674597621,0.5584324703,0.2419354839,0.4117647059,0.4117647059,0.7090909091,0.4154929577,0.125,0.7826086957,0.475,0.4747239672,0.574250776,0
CI04H04,1,0.735375086,0.4686854783,0.435483871,0.5882352941,0.4705882353,0.6636363636,0.3802816901,0.375,0.7826086957,0.5,0.7490745178,0.3780047066,0
CI04H05,1,0.1297468354,0.176511955,0.6612903226,0.4705882353,0.4705882353,0.5454545455,0.3943661972,0.25,0.7826086957,0.625,0.3522534907,0.2638016585,0
CI04H06,1,0.0925539318,0.1224773834,0.5806451613,0.5294117647,0.7058823529,0.6454545455,0.5704225352,0.375,0.7826086957,0.5,0.4247813711,0.5141643557,0
CI04H07,1,0.5641114983,0.6668989547,0.7580645161,0.5294117647,0.5882352941,0.6818181818,0.3873239437,0.375,0.7826086957,0.575,0.7490745178,0.6801883588,0
CI04H08,1,0.5111498258,0.5860627178,0.6612903226,0.5294117647,0.2352941176,0.6181818182,0.3732394366,0.25,0.7826086957,0.275,0.04375966855,0.3991462864,0
CI04H09,1,0.06038461538,0.09461538462,0.5967741935,0.6470588235,0.7058823529,0.8272727273,0.5774647887,0.375,0.7826086957,NA,NA,0.3464331155,0
CI05H01,1,0.09218077475,0.1284074605,0.564516129,0.4117647059,0.4705882353,0.6454545455,0.2535211268,0.25,0.8260869565,0.625,0,0.412662035,0
CI05H02,1,0.3461538462,0.4897959184,0.5322580645,0.5294117647,0.3529411765,0.4909090909,0,0.75,0.8260869565,NA,NA,0.5766670059,0
CI05H03,1,0.1422893482,0.2305246423,0.6290322581,0.2941176471,0.2352941176,0.3454545455,0.2816901408,0.125,0.8260869565,0.675,0.4747239672,0.3522339233,1
CI05H04,1,0.4824561404,0.6125095347,0.6290322581,0.5294117647,0.3529411765,0.6818181818,0.1408450704,0.5,0.8260869565,0.675,0.6406075312,0.4292661558,0
CI05H05,1,0.05431131019,0.07950727884,0.4032258065,0.4705882353,0.4117647059,0.3636363636,0.3521126761,0.125,0.8260869565,0.85,0.3522534907,0.4842674737,0
CI05H06,1,0.08296783626,0.1279239766,0.6129032258,0.2941176471,0.4117647059,0.4454545455,0.05633802817,0.375,0.8260869565,0.875,0.7490745178,0.3523167982,0
CI06H01,1,0.1942114094,0.2290268456,0.6774193548,0.5294117647,0.4705882353,0.4545454545,0.323943662,0.375,0.8695652174,NA,NA,0.3695815003,0
CI06H02,0,0.2233429395,0.3198847262,0.3387096774,0.2941176471,0.2352941176,0.5181818182,0.3521126761,0.25,0.8695652174,0.575,0.4747239672,0.4865832473,1
CI06H03,1,0.1431593794,0.1184767278,0.4193548387,0.2941176471,0.3529411765,0.4272727273,0.3661971831,0.125,0.8695652174,0.775,0.1609209727,0.5519727497,0
CI06H04,1,0.7807272727,0.3949090909,0.5,0.5882352941,0.3529411765,0.4818181818,NA,0.5,0.8695652174,0.575,0.7490745178,0.3651044866,0
CI06H05,1,0.1344389555,0.1672547636,0.6129032258,0.5294117647,0.4705882353,0.6545454545,0.323943662,0.625,0.8695652174,NA,NA,0.6436842769,0
CI06H06,1,0.08605974395,0.09957325747,0.4677419355,0.4705882353,0.4705882353,0.5909090909,0.5,0,0.8695652174,0.6,0.1789882383,0.6232265147,0
CI06H07,1,0.1015228426,0.1493836113,0.6129032258,0.2941176471,0.4117647059,0.4272727273,0.2253521127,0.5,0.8695652174,0.85,0.1789882383,0.3820481736,1
CI06H08,1,0.4299781182,0.5652808169,0.5,0.3529411765,0.4117647059,0.3454545455,0.1549295775,0.5,0.8695652174,NA,NA,0.5296820354,0
CI06H09,1,0.2666195191,0.297029703,0.3709677419,0.3529411765,0.4117647059,0.6636363636,0.1971830986,0.5,0.8695652174,0.475,0.1789882383,1,0
CI06H10,1,0.232079489,0.3591199432,0.435483871,0.5294117647,0.5294117647,0.5454545455,0.3521126761,0.625,0.8695652174,0.6,0.3522534907,0.6130014975,0
CI06H11,1,0.06144393241,0.089093702,0.8064516129,0.2941176471,0.4705882353,0.5090909091,0.323943662,0.25,0.8695652174,NA,NA,0.5339774972,0
CI07H01,1,0.7536454336,0.3561013047,0.6451612903,0.7647058824,0.4117647059,0.5818181818,0.1478873239,0.25,0.9130434783,0.9,0.8540496063,0.4289163834,0
CI07H02,1,0.6716147719,0.546705286,0.6774193548,0.4117647059,0.4117647059,0.4909090909,1,0.375,0.9130434783,NA,NA,0.4340883327,0
CI07H03,0,0.4008,0.4896,0.3870967742,0.3529411765,0.4117647059,0.3,0.08450704225,0.375,0.9130434783,0.475,0.8366263343,0.3848026981,0
CI07H04,1,0.6498194946,0.5935018051,0.4516129032,0.5294117647,0.3529411765,0.4,0.161971831,0.375,0.9130434783,NA,NA,0.4764129737,0
CI09H01,1,0.05975327679,0.09791827294,0.3709677419,0.4705882353,0.5882352941,0.7,0.5070422535,0.75,1,NA,NA,0.4791414105,0
CI09H02,1,0.6791845494,0.5329041488,0.8064516129,0.5882352941,0.5294117647,0.2818181818,0.2183098592,0.625,1,0.6,0.8366263343,0.4027204588,0
CI09H03,0,0.35218034,0.5314116778,0.5483870968,0.2352941176,0.2352941176,0.4636363636,0.1267605634,0.5,1,0.65,0.3811471954,0.4008991308,0
CI09H04,1,0.2930007446,0.417721519,0.435483871,0.4705882353,0.4705882353,0.3545454545,0.323943662,0.5,1,0.675,0.4747239672,0.8294459103,1
CI09H05,1,0.2891777934,0.3534785664,0.5322580645,0.3529411765,0.4117647059,0.3181818182,0.3309859155,0.375,1,0.725,0.04375966855,0.4858857957,0
CI09H06,1,0.3819188192,0.452398524,0.3870967742,0.4705882353,0.4705882353,0.5909090909,0.4014084507,0.375,1,NA,NA,0.8974940329,0
CI09H07,1,0.1818510484,0.2393347795,0.5,0.7058823529,0.4705882353,0.5181818182,0.514084507,0.25,1,0.7,0.09572124827,0.273672515,0
CI09H08,0,0.1161809816,0.1602760736,0.4032258065,0.2941176471,0.2352941176,0.4818181818,0.1408450704,0.375,1,0.975,0.6406075312,0.3970554393,0
DH27H01,1,0.1582002903,0.2714078374,0.5,0.5294117647,0.6470588235,0.9,0.823943662,0.5,0.4347826087,0.55,0.2426131678,0.5296820354,0
DH27H02,1,0.0514201763,0.09696376102,0.4032258065,0.5882352941,0.5882352941,0.6818181818,0.6549295775,0.375,0.4347826087,0.5,0.4747239672,0.4593497496,0
DH27H03,0,0.9679230152,0.04971932638,0.2096774194,0.4705882353,0.1764705882,0.2909090909,0.3732394366,0.375,0.4347826087,0.3,0.8366263343,0.5174911059,0
DH27H04,1,0.3242857143,0.4428571429,0.3709677419,0.4117647059,0.4117647059,0.5363636364,0.5211267606,0.375,0.4347826087,0.375,0.09572124827,0.5356200528,1
DH27H05,0,0.5275103164,0.4607977992,0.5483870968,0.4705882353,0.2941176471,0.3909090909,0.4366197183,0.375,0.4347826087,0.375,0.4247813711,0.3707460337,0
DH27H06,1,0.5518092105,0.6529605263,0.435483871,0.4705882353,0.6470588235,0.8090909091,0.4436619718,0.75,0.4347826087,0.55,0.7694623018,0.5326078585,0
DH27H07,1,0.4212598425,0.6349319971,0.7580645161,0.7647058824,0.7647058824,0.7636363636,0.9084507042,0.375,0.4347826087,NA,NA,0.3285316979,0
DH27H08,0,0.5853230337,0.6425561798,0.8225806452,0.3529411765,0.2941176471,0.4454545455,0.3169014085,0.5,0.4347826087,NA,NA,0.3683458876,0
DH27H09,0,0.2976939203,0.3298392732,0.4032258065,0.3529411765,0.3529411765,0.3545454545,0.3661971831,0.5,0.4347826087,NA,NA,0.4593497496,0
DH27H10,1,0.447091801,0.6531184303,0.5,0,0.5294117647,0.5454545455,0.3873239437,0.75,0.4347826087,0.75,0.4747239672,0.4748228525,1
DH27H11,0,0.184302733,0.2298528381,0.3548387097,0.5882352941,0.5882352941,0.8090909091,0.8098591549,0.5,0.4347826087,0.5,0.09572124827,0.4796992243,1
DH27H12,1,0.4538626609,0.6087267525,0.3870967742,0.4117647059,0.5294117647,0.5090909091,0.5774647887,0.5,0.4347826087,0.7,0.6406075312,0.4660830317,0
DH27H13,1,0.0824964132,0.1147776184,0.5967741935,0.5882352941,0.4705882353,0.6,0.823943662,0.25,0.4347826087,0.75,0.09572124827,0.4598087603,1
DH28H01,0,0.4848056537,0.6628975265,0.3387096774,0.2941176471,0.2352941176,0.3636363636,0.4507042254,0.375,0.4782608696,0.5,0.7490745178,0.5055494333,1
DH28H02,1,0.9413559322,0.08881355932,0.8064516129,0.4705882353,0.4117647059,NA,0.4718309859,0.625,0.4782608696,0.225,0.8366263343,0.562511636,1
DH28H03,1,0.4538024165,0.5735607676,0.7096774194,0.5294117647,0.6470588235,0.6909090909,0.5563380282,0.625,0.4782608696,0.45,0.5557371506,0.3227076066,0
DH28H04,1,0.492942837,0.4537755822,0.5322580645,0.5294117647,0.5294117647,0.5272727273,0.4788732394,0.625,0.4782608696,0.45,0.03763511638,0.6190315707,0
DH28H05,1,0.6054258242,0.5322802198,0.564516129,0.5294117647,0.4705882353,0.4363636364,0.5,0.625,0.4782608696,0.7,0.3012355652,0.4066527252,0
DH28H06,1,0.136299435,0.2005649718,0.4838709677,0.5294117647,0.7058823529,0.7363636364,0.8873239437,0.375,0.4782608696,0.375,0.1789882383,0.3652360434,1
DH28H07,1,0.7408304498,0.4629757785,0.5161290323,0.4117647059,0.5294117647,0.3727272727,0.5070422535,0.625,0.4782608696,0.425,1,0.3406790884,1
DH28H08,1,0.4739285714,0.3821428571,0.6290322581,0.7647058824,0.7058823529,0.6363636364,0.7323943662,0.625,0.4782608696,0.45,0.3160691026,0.5300006137,0
DH28H09,0,0.5158075601,0.4144329897,0.7419354839,0.4117647059,0.3529411765,0.4545454545,0.4929577465,0.5,0.4782608696,0.575,0.7694623018,0.3285316979,0
DH28H10,1,0.5778533636,0.6553287982,0.7096774194,0.8823529412,0.7058823529,0.6363636364,0.7042253521,0.625,0.4782608696,0.35,0.4747239672,0.5032544382,1
DH28H11,0,0.3709902371,0.4170153417,0.4516129032,0.3529411765,0.2352941176,0.4454545455,0.3450704225,0.75,0.4782608696,NA,NA,0.3901488962,0
DH28H12,1,0.6466060182,0.6158152554,0.3387096774,0.2941176471,0.1176470588,0.4909090909,0.2605633803,0.375,0.4782608696,NA,NA,0.4107185036,1
DH28H13,1,0.1715721464,0.3086862886,0.7580645161,0.5294117647,0.7058823529,0.6090909091,0.6971830986,0.625,0.4782608696,NA,NA,0.3861803309,0
DH28H14,1,0.9303840878,0.1186556927,0.7096774194,0.3529411765,0.2352941176,0.2454545455,0.4718309859,0.375,0.4782608696,0.3,0.8366263343,0.2819389672,0
DH28H16,1,0.09529065489,0.136129507,0.4677419355,0.4705882353,0.5294117647,0.6363636364,0.5352112676,0.5,0.4782608696,0.475,0.09572124827,0.6600633668,0
DH28H17,1,0.05486008837,0.09057437408,0.564516129,0.4705882353,0.5294117647,0.7181818182,0.6408450704,0.5,0.4782608696,0.475,0.09572124827,0.4547272036,0
DH28H18,1,0.7402985075,0.4611940299,0.6612903226,0.3529411765,0.4117647059,0.3818181818,0.4154929577,0.25,0.4782608696,0.525,0.7694623018,0.5344909142,0
DH28H19,1,0.08106116433,0.134119381,0.4838709677,0.5294117647,0.5882352941,0.6,0.6971830986,0.375,0.4782608696,0.35,0.6406075312,0.6649881977,0
DH29H01,1,0.1958393113,0.2209469154,0.4677419355,0.1764705882,0.2941176471,0.5090909091,0.5422535211,0.125,0.5217391304,0.65,0.3092046257,0.2794158951,1
DH29H02,0,0.2517482517,0.404040404,0.6451612903,0.2352941176,0.3529411765,0.4090909091,0.4084507042,0.25,0.5217391304,0.5,0.2426131678,0.4348213649,1
DH29H03,1,0.3639215686,0.4219607843,0.5161290323,0.5294117647,0.7058823529,0.8090909091,0.9929577465,0.125,0.5217391304,0.825,0.7694623018,0.4803740793,0
DH29H04,0,0.8563573883,0.2336769759,0.8064516129,0.2941176471,0.1764705882,0.3454545455,0.4436619718,0.25,0.5217391304,NA,NA,0.2657565926,0
DH29H05,1,0.645,0.5142857143,0.4032258065,0.6470588235,0.6470588235,0.5818181818,0.7605633803,0.5,0.5217391304,0.6,0.5557371506,0.6026266633,0
DH29H06,1,0.07692307692,0.1135873472,0.3064516129,0.4705882353,0.4117647059,0.3454545455,0.6549295775,0.375,0.5217391304,0.375,0.3811471954,0.564200173,1
DH29H07,0,0.1946536145,0.3049698795,0.3548387097,0.3529411765,0.4117647059,0.5090909091,0.5211267606,0.5,0.5217391304,NA,NA,0.3852195203,1
DH29H08,1,0.4919117647,0.5808823529,0.8064516129,0.5294117647,0.5882352941,0.5545454545,0.5211267606,0.625,0.5217391304,0.6,0.7490745178,NA,0
DH29H09,1,0.5,0.4509803922,0.7580645161,0.7058823529,0.7058823529,0.5909090909,0.6338028169,0.5,0.5217391304,NA,NA,0.4726532803,0
DH29H10,1,0.5796703297,0.3214285714,0.6774193548,0.4705882353,0.4705882353,0.6,0.5422535211,0.375,0.5217391304,0.6,0.8658867312,0.3930385303,1
DH29H11,1,0.4343683839,0.2533521524,0.4032258065,0.4705882353,0.4117647059,0.1818181818,0.5422535211,0.375,0.5217391304,0.5,0.3522534907,0.3845965772,1
DH29H12,1,0.3835187761,0.4179415855,0.6290322581,0.4705882353,0.4705882353,0.3636363636,0.5774647887,0.375,0.5217391304,0.4,0.3277778471,0.4292661558,0
DH29H13,0,0.1459802539,0.215796897,0.2903225806,0.3529411765,0.3529411765,0.4909090909,0.5211267606,0.5,0.5217391304,0.45,0.4747239672,0.5586927813,0
DH29H14,1,0.06232193732,0.09472934473,0.5483870968,0.7058823529,0.6470588235,0.6,0.6901408451,0.75,0.5217391304,0.075,0.04375966855,0.4310522278,1
DH29H15,1,0.3603311735,0.5608351332,0.564516129,0.4705882353,0.5294117647,0.6818181818,0.5281690141,0.625,0.5217391304,0.425,0.4247813711,0.5088109917,0
DH29H16,1,0.1041968162,0.1664254703,0.5806451613,0.4705882353,0.5294117647,0.7272727273,0.4929577465,0.375,0.5217391304,0.45,0.09572124827,0.568057708,1
DH30H01,1,0.1991051454,0.2445935869,0.3387096774,0.5294117647,0.5882352941,0.5090909091,0.5211267606,0.625,0.5652173913,0.7,0.4247813711,0.7647539743,0
DH30H02,1,0.2803085966,0.3695811903,0.6935483871,0.1764705882,0.3529411765,0.6,0.4788732394,0.125,0.5652173913,0.075,0.04375966855,0.007105900885,0
DH30H03,1,0.03895131086,0.065917603,0.5161290323,0.6470588235,0.4117647059,0.4818181818,0.3732394366,0.625,0.5652173913,0.55,0.2426131678,0.5471847271,0
DH30H04,1,0.3355654762,0.5104166667,0.6290322581,0.4705882353,0.6470588235,0.8,0.7535211268,0.25,0.5652173913,NA,NA,0.4055639304,0
DH30H05,1,0.09442836469,0.1208393632,0.6290322581,0.4705882353,0.5882352941,0.6272727273,0.5845070423,0.625,0.5652173913,0.575,0.6406075312,0.4470428249,1
DH30H06,0,0.3587424634,0.4211886305,0.5161290323,0.4117647059,0.2352941176,0.6454545455,0.2605633803,0.5,0.5652173913,0.525,0.4747239672,0.3406790884,0
DH30H07,1,0.1058601134,0.2003780718,0.5806451613,0.2941176471,0.3529411765,0.5454545455,0.5422535211,0.125,0.5652173913,NA,NA,0.4902117547,0
DH30H08,1,0.9404545455,0.05909090909,0.3870967742,0.3529411765,0.2352941176,0.4636363636,0.3732394366,0.5,0.5652173913,0.325,0.7694623018,0.3035223645,0
DH30H09,1,0.01802884615,0.0328525641,0.4032258065,0.1764705882,0.4117647059,0.5272727273,0.7535211268,0.25,0.5652173913,0.375,0,0.5029557668,0
DH30H10,1,0.03546712803,0.0553633218,0.3870967742,0.6470588235,0.6470588235,0.7090909091,0.6830985915,0.5,0.5652173913,0.4,0.3811471954,0.4410736983,0
DH30H11,1,0.06277372263,0.103649635,0.5967741935,0.4705882353,0.4705882353,0.5272727273,0.5915492958,0.375,0.5652173913,NA,NA,0.3046631411,0
DH30H13,1,0.1244427935,0.1939078752,0.6290322581,0.5294117647,0.7058823529,0.4636363636,0.7676056338,0.625,0.5652173913,0.6,0.4747239672,0.3285316979,0
DH30H14,1,0.07810218978,0.1182481752,0.5161290323,0.4705882353,0.2941176471,0.3909090909,0.3943661972,0.5,0.5652173913,NA,NA,0.4864477746,0
DH30H15,1,0.204,0.1665454545,0.4032258065,0.5294117647,0.4117647059,0.3272727273,0.4718309859,0.625,0.5652173913,0.275,0.4247813711,0.5216440599,0
DH30H16,1,0.2685045317,0.2832326284,0.6451612903,0.5882352941,0.6470588235,0.7272727273,0.7957746479,0.5,0.5652173913,NA,NA,0.6887355693,0
DH30H17,1,0.06341107872,0.0860058309,0.2741935484,0.4705882353,0.3529411765,0.6545454545,0.5492957746,0.25,0.5652173913,NA,NA,0.6429886749,0
DH30H18,1,0.198212408,0.3396424816,0.4516129032,0.5294117647,0.7058823529,0.9272727273,0.6338028169,0.625,0.5652173913,0.45,0.1789882383,0.6859114478,0
DH31H01,0,0.3892682927,0.5404878049,0.3225806452,0.4117647059,0.1176470588,0.05454545455,0.2957746479,0.5,0.6086956522,0.5,0.5557371506,0.5252469025,0
DH31H02,1,0.09017595308,0.1363636364,0.5483870968,0.5294117647,0.5882352941,0.6909090909,0.5845070423,0.625,0.6086956522,0.525,0.6406075312,0.5215115188,0
DH31H03,0,0.386134068,0.2029384757,0,0.2941176471,0.2352941176,0.5181818182,0.5422535211,0.375,0.6086956522,0.5,0.2426131678,0.4382500638,0
DH31H04,1,0.2874136608,0.4551036071,0.8387096774,0.4705882353,0.4117647059,0.2727272727,0.6478873239,0.375,0.6086956522,NA,NA,0.4589136894,1
DH31H05,1,0.5526315789,0.4020467836,0.7741935484,0.4117647059,0.4705882353,0.5818181818,0.7323943662,0.125,0.6086956522,0.55,0.4747239672,0.3974763468,0
DH31H06,1,0.7833817126,0.3229317852,0.6290322581,0.7647058824,0.6470588235,0.5727272727,0.7957746479,0.5,0.6086956522,0.575,0.8460373957,0.4944472756,0
DH31H07,1,0.06158357771,0.09530791789,0.6935483871,0.4117647059,0.5882352941,0.7636363636,0.7535211268,0.5,0.6086956522,0.5,0.3012355652,0.4571020167,0
DH31H08,1,0.1404255319,0.2368794326,0.6451612903,0.4705882353,0.4705882353,0.5454545455,0.7394366197,0.125,0.6086956522,0.65,0.2426131678,0.4643462724,1
DH31H09,1,0.0990864371,0.1082220661,0.3225806452,0.5294117647,0.4705882353,0.7272727273,0.7042253521,0.375,0.6086956522,0.55,0.2426131678,0.4808273402,0
DH31H10,1,0.3441843453,0.4250182882,0.5161290323,0.3529411765,0.3529411765,0.4454545455,0.4436619718,0.375,0.6086956522,0.7,0.09572124827,0.3589001742,0
DH31H11,0,0.9389055472,0.09370314843,0.6774193548,0.5294117647,0.2352941176,0.4272727273,0.3661971831,0.375,0.6086956522,0.225,0.8366263343,0.4692738776,0
DH31H12,1,0.2766497462,0.1617113851,0.6290322581,0.6470588235,0.6470588235,0.6727272727,0.6830985915,0.5,0.6086956522,0.5,0.4247813711,0.500372832,0
DH31H13,1,0.08008658009,0.1298701299,0.6774193548,0.4705882353,0.5882352941,0.4363636364,0.8661971831,0.25,0.6086956522,0.425,0.3012355652,0.3871742728,1
DH31H14,1,0.8851884312,0.2191060473,0.7258064516,0.4117647059,0.3529411765,0.5181818182,0.485915493,0.5,0.6086956522,0.4,0.6406075312,0.4504201897,1
DH31H15,1,0.153425656,0.1421282799,0.8064516129,0.3529411765,0.4117647059,0.2272727273,0.4225352113,0.625,0.6086956522,0.625,0.1789882383,0.3570658367,0
DH31H16,0,0.5014306152,0.3547925608,0.6612903226,0.3529411765,0.2352941176,0.1727272727,0.2253521127,0.5,0.6086956522,NA,NA,0.346185345,0
DH31H17,1,0.08928571429,0.1473214286,0.5806451613,0.4705882353,0.5882352941,0.5818181818,0.661971831,0.5,0.6086956522,0.45,0.4747239672,0.592010309,0
DI01H01,0,0.1751326763,0.2956785444,0.1774193548,0.1764705882,0.2352941176,0.5181818182,0.4295774648,0.25,0.652173913,0.625,0.1789882383,0.4926856238,0
DI01H02,0,0.07313432836,0.09850746269,0.2741935484,0.2941176471,0.1764705882,0.5454545455,0.5070422535,0.25,0.652173913,0.575,0.5557371506,0.3477841659,0
DI01H03,1,0.3443636364,0.1534545455,0.5806451613,0.9411764706,0.2352941176,0.4818181818,0.4225352113,0.625,0.652173913,NA,NA,0.448294703,0
DI01H04,0,0.04710682493,0.07640949555,0.2580645161,0.2352941176,0.1764705882,0.2545454545,0.3802816901,0.25,0.652173913,NA,NA,0.4316004659,0
DI01H05,1,0.2030456853,0.2451051487,0.4838709677,0.2941176471,0.4705882353,0.5909090909,0.5352112676,0.5,0.652173913,0.5,0.2426131678,NA,0
DI01H06,1,0.02329075883,0.04207362885,0.3870967742,0.5294117647,0.7647058824,0.6545454545,0.8873239437,0.5,0.652173913,0.525,0.6406075312,0.5286063652,0
DI01H07,1,0.03387937453,0.06180193596,0.6290322581,0.4705882353,0.5882352941,0.4909090909,0.8873239437,0.25,0.652173913,0.55,0.09572124827,0.4825961629,1
DI01H08,1,0.2580758427,0.2914325843,0.3064516129,0.2941176471,0.4705882353,0.4909090909,0.3098591549,0.75,0.652173913,0.625,0.2426131678,0.4813977358,0
DI01H09,0,0.4885632595,0.5868477484,0.1129032258,0.2941176471,0.1176470588,0.1818181818,0.3521126761,0.5,0.652173913,0.675,0.4747239672,0.5419446763,1
DI01H10,1,0.9669421488,0.05785123967,0.8225806452,0.5882352941,0.3529411765,0.4363636364,0.5985915493,0.125,0.652173913,0.525,1,0.3569704048,0
DI01H11,1,0.1498538012,0.230994152,0.4838709677,0.5294117647,0.4705882353,0.5818181818,0.661971831,0.375,0.652173913,0.55,0.4247813711,0.4325273433,1
DI01H12,1,0.454610951,0.5144092219,0.8548387097,0.4705882353,0.7058823529,0.6,0.6197183099,0.5,0.652173913,0.775,0.3811471954,0.3793812396,0
DI01H14,1,0.1045421774,0.1384282624,0.3225806452,0.5882352941,0.7647058824,0.6818181818,0.7323943662,0.875,0.652173913,0.625,0.2426131678,0.512555599,1
DI01H15,1,0.2289068232,0.327219369,0.8387096774,0.5294117647,0.6470588235,0.6363636364,0.8732394366,0.25,0.652173913,0.275,0.3012355652,0.5099327296,0
DI02H01,1,0.05208333333,0.07330246914,0.6451612903,0.4117647059,0.5882352941,0.6363636364,0.7253521127,0.5,0.6956521739,0.75,0.4247813711,0.3580566054,1
DI02H02,0,0.4035460993,0.4496453901,0.3870967742,0.2941176471,0.4117647059,0.6090909091,0.4929577465,0.375,0.6956521739,0.5,0.5557371506,0.453578365,0
DI02H03,1,0.2425637394,0.354815864,0.7741935484,0.2941176471,0.3529411765,0.3,0.4647887324,0.375,0.6956521739,0.5,0.3522534907,0.4204578964,1
DI02H05,1,0.1527875794,0.1785462244,0.5483870968,0.4705882353,0.4705882353,0.5181818182,0.4929577465,0.5,0.6956521739,0.7,0.3160691026,0.4612053248,1
DI02H06,1,0.3443895554,0.4361326747,0.5806451613,0.4705882353,0.6470588235,0.5454545455,0.6690140845,0.5,0.6956521739,0.525,0.4747239672,0.3405079984,1
DI02H07,0,0.1309691011,0.1818820225,0.4838709677,0.3529411765,0.2941176471,0.3818181818,0.5845070423,0.125,0.6956521739,0.625,0.4747239672,0.3040621343,1
DI02H08,0,0.101380814,0.1257267442,0.3387096774,0.4705882353,0.2352941176,0.3090909091,0.4366197183,0.25,0.6956521739,0.55,0.4747239672,0.3411758219,0
DI02H09,1,0.09293286219,0.1067137809,0.435483871,0.4117647059,0.5882352941,0.6090909091,0.2887323944,0.875,0.6956521739,0.425,0.09572124827,0.4645824717,0
DI02H10,1,0.08554996405,0.1049604601,0.6774193548,0.3529411765,0.1764705882,0.1818181818,0.5492957746,0.25,0.6956521739,0.55,0.2426131678,0.3343959554,0
DI03H01,1,0.1472045294,0.2080679406,0.564516129,0.4705882353,0.5294117647,0.5545454545,0.7605633803,0.25,0.7391304348,0.55,0.3092046257,0.3705968665,0
DI03H02,0,0.1091101695,0.1433615819,0.3548387097,0.2941176471,0.2941176471,0.3909090909,0.4225352113,0.5,0.7391304348,0.625,0.5557371506,0.4671019304,0
DI03H03,1,0.9473684211,0.09581646424,0.3387096774,0.3529411765,0.1764705882,0.1181818182,0.4647887324,0.25,0.7391304348,0.5,0.8203194798,0.4549729374,1
DI03H04,1,0.13101983,0.1813031161,0.4193548387,0.7058823529,0.4705882353,0.6818181818,0.6971830986,0.625,0.7391304348,0.5,0.4747239672,0.483699095,0
DI03H05,0,0.4351198872,0.4696755994,0.6612903226,0.1764705882,0.1764705882,0.1454545455,0.2676056338,0.375,0.7391304348,0.7,0.6406075312,0.334416247,0
DI03H06,1,0.09446022727,0.1022727273,0.5161290323,0.3529411765,0.4705882353,0.3636363636,0.8521126761,0.25,0.7391304348,0.5,0.2426131678,0.3710475647,1
DI03H07,1,0.2518142235,0.2757619739,0.6774193548,0.4117647059,0.5294117647,0.5272727273,0.4577464789,0.75,0.7391304348,0.525,0.8540496063,0.3519887279,0
DI03H08,0,0.2871500359,0.3933955492,0.1612903226,0.2352941176,0.1764705882,0.4636363636,0.4084507042,0.25,0.7391304348,0.55,0.6406075312,0.6581120606,0
DI03H09,0,0.2783882784,0.441025641,0.5322580645,0.2941176471,0.1764705882,0.3545454545,0.4366197183,0.125,0.7391304348,0.55,0.3092046257,0.3224796172,0
DI03H10,1,0.2027997128,0.343862168,0.6935483871,0.5294117647,0.4117647059,0.3454545455,0.5774647887,0.375,0.7391304348,0.5,0.4747239672,0.3928168573,1
DI03H11,1,0.1488764045,0.2050561798,0.4677419355,0.4117647059,0.4117647059,0.4454545455,0.6971830986,0.375,0.7391304348,0.75,0.4747239672,0.4636001556,0
DI03H12,1,0.8168767507,0.3172268908,0.7258064516,0.6470588235,0.4705882353,0.5363636364,0.7183098592,0.5,0.7391304348,NA,NA,0.3401401257,0
DI04H01,0,0.3882480173,0.5948089402,0.5322580645,0.2941176471,0.2352941176,0.3545454545,0.323943662,0.5,0.7826086957,0.55,0.3522534907,0.4193129082,1
DI04H02,1,0.1092198582,0.1673758865,0.3548387097,0.4705882353,0.4705882353,0.6181818182,0.7676056338,0.25,0.7826086957,0.5,0.4747239672,0.599373516,1
DI04H03,1,0.5475177305,0.6964539007,0.6774193548,0.6470588235,0.5882352941,0.4454545455,0.5985915493,0.625,0.7826086957,0.525,0.8366263343,0.3871742728,0
DI04H04,0,0.3073916134,0.2921108742,0.564516129,0.3529411765,0.2352941176,0.2909090909,0.5281690141,0.25,0.7826086957,0.5,0.4247813711,0.3826154861,0
DI04H05,1,0.7804964539,0.3936170213,0.6935483871,0.5294117647,0.2352941176,0.3545454545,0.6126760563,0.25,0.7826086957,0.35,0.8658867312,0.3460640141,0
DI04H07,0,0.08233215548,0.1109540636,0.2903225806,0.4705882353,0.2941176471,0.4363636364,0.4647887324,0.5,0.7826086957,0.5,0.2426131678,0.5459060544,0
EH25H01,0,0.2484143763,0.3981677237,0.6129032258,0.2352941176,0.2941176471,0.3272727273,0.07042253521,0.75,0.347826087,NA,NA,0.4593497496,1
EH25H02,1,0.4949820789,0.3691756272,0.5967741935,0.4705882353,0.4705882353,0.5545454545,0.4507042254,0.75,0.347826087,0.425,0.5557371506,0.4896444563,0
EH25H03,1,0.8670120898,0.2625215889,0.7580645161,0.5294117647,0.5294117647,0.5363636364,0.5633802817,0.625,0.347826087,NA,NA,0.4438289638,1
EH25H04,1,0.168575519,0.211166786,0.3548387097,0.4705882353,0.6470588235,0.7454545455,0.8521126761,0.125,0.347826087,0.325,0.8366263343,0.5552829875,1
EH25H05,1,0.1327845383,0.1438797423,0.3225806452,0.5882352941,0.6470588235,NA,0.7746478873,0.5,0.347826087,NA,NA,0.4871729919,0
EH25H06,1,0.07967422096,0.1253541076,0.3870967742,0.5294117647,0.4117647059,0.4818181818,0.7112676056,0.25,0.347826087,0.375,0.3277778471,0.4848400317,0
EH25H07,1,0.1994219653,0.289017341,0.5,0.5882352941,0.4705882353,0.7090909091,0.676056338,0.25,0.347826087,0.1,0.8366263343,NA,1
EH25H08,0,0.8900069396,0.1505898681,0.7903225806,0.5294117647,0.2352941176,0.5363636364,0.1901408451,0.5,0.347826087,0.1,0.8540496063,0.4774088072,0
EH25H09,0,0.0881294964,0.1330935252,0.3548387097,0.5294117647,0.2352941176,0.2090909091,0.485915493,0.375,0.347826087,0.225,0.4747239672,0.4796992243,0
EH25H10,1,0.7196969697,0.4356060606,0.5161290323,0.5882352941,0.4705882353,0.5454545455,0.5704225352,0.375,0.347826087,NA,NA,0.4803740793,0
EH25H11,1,0.5644194757,0.6584269663,0.8064516129,0.7058823529,0.5882352941,0.6181818182,0.7394366197,0.375,0.347826087,NA,NA,0.3913068033,0
EH25H12,1,0.112056213,0.1235207101,0.5806451613,0.6470588235,0.4705882353,0.5909090909,0.5633802817,0.5,0.347826087,0.425,0.2426131678,0.4303302522,1
EH25H13,1,0.12275018,0.1936645068,0.4193548387,0.5882352941,NA,NA,NA,0.25,0.347826087,0.2,0.09572124827,0.5519727497,1
EH25H14,1,0.3142235123,0.4412191582,0.7258064516,0.4705882353,0.4705882353,0.4727272727,0.4154929577,0.625,0.347826087,0.325,0.3811471954,0.3517485535,1
EH25H15,1,0.5407876231,0.5260196906,0.7096774194,0.4705882353,0.4705882353,0.5545454545,0.5352112676,0.375,0.347826087,0.3,0.7694623018,0.2178739624,0
EH25H16,1,0.1097472924,0.1689530686,0.8870967742,0.6470588235,0.4705882353,0.5818181818,0.5915492958,0,0.347826087,0.425,0.7694623018,0.4014962218,0
EH25H17,0,0.4910931174,0.7295546559,0.6451612903,0.5294117647,0.5294117647,0.6818181818,0.5492957746,0.625,0.347826087,0.25,0.7490745178,0.3285316979,0
EH25H18,1,0.5447308567,0.6967399545,0.7741935484,0.6470588235,0.4705882353,0.6181818182,0.485915493,0.625,0.347826087,0.3,0.8292675239,0.5066387075,0
EH25H19,1,0.2153954802,0.3262711864,0.6774193548,0.4117647059,0.5294117647,0.5454545455,0.5492957746,0.5,0.347826087,0.475,0.09572124827,0.4282240752,0
EH25H20,1,0.1351640514,0.167617689,0.8548387097,0.5294117647,0.5294117647,0.5181818182,0.4718309859,0.5,0.347826087,0.425,0.3811471954,0.4019810359,0
EH25H21,1,0.7876969242,0.3570892723,0.8870967742,0.7647058824,0.7058823529,0.4909090909,0.7676056338,0.5,0.347826087,0.4,0.7034911364,0.3341443536,0
EH25H22,0,0.08154506438,0.1144492132,0.4677419355,0.4117647059,0.2941176471,0.3818181818,0.5422535211,0.375,0.347826087,NA,NA,0.7030396942,1
EH26H15,1,0.1383357041,0.2098150782,NA,0.5882352941,0.5294117647,0.5727272727,0.5633802817,0.375,0.3913043478,0.325,0.7694623018,NA,0
EH26H16,1,0.08309248555,0.1213872832,0.564516129,0.4705882353,0.4705882353,0.5818181818,0.4577464789,0.5,0.3913043478,0.275,0.3811471954,0.5088109917,0
EH27H19,1,0.1164095372,0.1472650771,0.6451612903,0.1764705882,0.4117647059,0.3545454545,0.5845070423,0.25,0.4347826087,0.55,0.2426131678,0.5174911059,0
EH28H01,1,0.1863507779,0.1987270156,0.7580645161,0.5294117647,0.7058823529,0.7545454545,0.5211267606,0.625,0.4782608696,0.65,0.2426131678,0.4611235537,0
EH28H02,0,0.1885714286,0.2828571429,0.1774193548,0.4705882353,0.3529411765,0.2181818182,0.6126760563,0.25,0.4782608696,NA,NA,0.4532886816,0
EH28H03,1,0.123659757,0.1501072194,0.5,0.2352941176,0.2352941176,0.4272727273,0.5704225352,0.25,0.4782608696,0.375,0.2426131678,0.5540638945,1
EH28H04,1,0.2550359712,0.4007194245,0.9193548387,0.4705882353,0.3529411765,0.6,0.5492957746,0.5,0.4782608696,0.425,0.09572124827,0.4065936173,0
EH28H06,0,0.3010526316,0.4070175439,0.4516129032,0.4117647059,0.1764705882,0.4272727273,0.3309859155,0.375,0.4782608696,NA,NA,0.4024723358,0
EH28H07,1,0.1397006415,0.1910192445,0.3387096774,0.4117647059,0.5882352941,0.6,0.7323943662,0.25,0.4782608696,NA,NA,0.568770053,0
EH28H08,1,0.1740528949,0.2037169407,0.6451612903,0.5882352941,0.7058823529,0.6727272727,0.8098591549,0.375,0.4782608696,0.425,0,0.5233960874,0
EH28H09,1,0.1047585227,0.1356534091,0.5806451613,0.5882352941,0.4705882353,0.8090909091,0.6478873239,0.375,0.4782608696,0.475,0.3012355652,0.496199905,0
EH28H10,1,0.3231114435,0.50710546,0.435483871,0.5882352941,0.6470588235,0.6545454545,0.7605633803,0.375,0.4782608696,0.425,0.4747239672,0.4645824717,0
EH28H11,1,0.3373715125,0.4882525698,0.5161290323,0.4117647059,0.3529411765,0.4363636364,0.4507042254,0.375,0.4782608696,0.25,0.4747239672,0.7719114516,1
EH28H12,1,0.06281588448,0.09819494585,0.3709677419,0.4117647059,0.4705882353,0.5363636364,0.5985915493,0.375,0.4782608696,0.425,0.3012355652,0.5544462668,1
EH28H13,1,0.1491166078,0.2204946996,0.7580645161,0.5294117647,0.6470588235,0.6363636364,0.6338028169,0.5,0.4782608696,NA,NA,0.4034749207,0
EH28H14,0,0.1172581768,0.1510090466,0.564516129,0.2941176471,0.3529411765,0.6090909091,0.2676056338,0.625,0.4782608696,0.425,0.04375966855,0.3585782469,1
EH28H16,1,0.06694560669,0.1032078103,0.5322580645,0.4705882353,0.4705882353,0.5454545455,0.5704225352,0.625,0.4782608696,NA,NA,0.5282503604,0
EH28H17,1,0.2627840909,0.3579545455,0.5161290323,0.5294117647,0.4117647059,0.5454545455,0.7887323944,0,0.4782608696,NA,NA,0.4135634315,0
EH28H19,0,0.5941438102,0.7079318013,0.9838709677,0.5882352941,0.4117647059,0.4909090909,0.6056338028,0.375,0.4782608696,0.55,0.8540496063,0.4441088115,0
EH28H20,1,0.265918958,0.4088277858,0.9677419355,0.6470588235,0.6470588235,0.6,0.7042253521,0.625,0.4782608696,0.4,0.1789882383,0.3119670745,0
EH28H21,1,0.6978442281,0.2315716273,0.6774193548,0.5882352941,0.2352941176,0.4454545455,0.4154929577,0.375,0.4782608696,0.475,0.8658867312,0.4282240752,0
EH28H22,0,0.8598615917,0.2235294118,0.4193548387,0.4705882353,0.1176470588,0.3272727273,0.4577464789,0.25,0.4782608696,0.45,1,0.4526656156,0
EH28H23,0,0.2240282686,0.3335689046,0.2419354839,0.05882352941,0,0.3545454545,0.2887323944,0.25,0.4782608696,NA,NA,0.2444699081,0
EH28H24,1,0.5084626234,0.5782792666,0.6612903226,0.8823529412,0.7058823529,0.6272727273,0.7112676056,0.625,0.4782608696,NA,NA,0.5756827575,0
EH28H25,1,0.5091549296,0.4098591549,0.5161290323,0.2941176471,0.1176470588,0.2,0.4577464789,0,0.4782608696,0.275,0.8658867312,0.3042369169,0
EH28H26,1,0.1674911661,0.251590106,0.6612903226,0.4117647059,0.4117647059,0.3,0.5774647887,0.25,0.4782608696,0.4,0.3012355652,0.4285690315,0
EH28H27,0,0.1533333333,0.2378947368,0.2096774194,0.5294117647,0.1764705882,0.3454545455,0.3521126761,0.5,0.4782608696,NA,NA,0.4523326893,1
EH28H28,0,0.3656609195,0.5459770115,0.03225806452,0.2352941176,0.1176470588,0.1909090909,0.2605633803,0.5,0.4782608696,0.425,0.3012355652,0.5190027811,0
EH28H29,1,0.256401138,0.3392603129,0.5,0.4117647059,0.5882352941,0.7181818182,0.5563380282,0.5,0.4782608696,0.425,0.5557371506,0.7247369082,0
EH28H30,1,0.2076086957,0.1992753623,0.6612903226,0.5882352941,0.5882352941,0.6272727273,0.4366197183,0.625,0.4782608696,0.55,0.4747239672,0.505068169,0
EH28H32,1,0.2395906845,0.3860268172,0.5806451613,0.4705882353,0.5882352941,0.6090909091,0.7253521127,0.5,0.4782608696,0.425,0.3160691026,0.400389501,0
EH28H33,1,0.1990707648,0.3238027162,0.3387096774,0.4117647059,0.1764705882,0.4272727273,0.3309859155,0.375,0.4782608696,0.425,0.3012355652,0.5371597431,1
EH28H34,0,0.5173144876,0.228975265,0.2419354839,0.2941176471,0.1764705882,0.4090909091,0.3169014085,0.125,0.4782608696,0.475,0.09572124827,0.46432382,1
EH29H01,0,0.3793352601,0.4869942197,0.564516129,0.4117647059,0.4705882353,0.7818181818,0.4788732394,0.5,0.5217391304,0.425,0.7694623018,0.3886247959,0
EH29H02,0,0.06128334535,0.09372746936,0.3064516129,0.2352941176,0.2941176471,0.6363636364,0.4084507042,0.5,0.5217391304,0.425,0.3092046257,0.640633192,1
EH29H03,1,0.3060070671,0.3745583039,0.564516129,0.4705882353,0.1176470588,0.1272727273,0.3309859155,0.5,0.5217391304,0.425,0.4247813711,0.4186713448,0
EH29H04,0,0.2959183673,0.4412385644,0.3548387097,0.3529411765,0.2352941176,0.4545454545,0.3169014085,0.375,0.5217391304,NA,NA,0.4356086958,1
EH29H05,0,0.7334017796,0.4387405886,0.09677419355,0.1764705882,0.1176470588,0.3181818182,0.1056338028,0.375,0.5217391304,0.25,0.8658867312,0.5829573575,0
EH29H06,1,0.08025568182,0.1164772727,0.5322580645,0.3529411765,0.4705882353,0.5818181818,0.3802816901,0.5,0.5217391304,NA,NA,0.4132608275,1
EH29H07,0,0.1507042254,0.1830985915,0.6612903226,0.4705882353,0.4705882353,0.6,0.6549295775,0.25,0.5217391304,0.275,0.4247813711,0.6345282478,1
EH29H08,0,0.7833217027,0.3524075366,0.5967741935,0.5882352941,0.2941176471,0.4090909091,0.3661971831,0.5,0.5217391304,0.3,0.8366263343,NA,0
EH29H09,0,0.09799713877,0.1416309013,0.1774193548,0.4705882353,0.1764705882,0.5363636364,0.4647887324,0.375,0.5217391304,0.425,0.09572124827,0.4007594253,1
EH29H10,0,0.1850421348,0.2759831461,0.3870967742,0.4117647059,0.2352941176,0.3636363636,0.4647887324,0.375,0.5217391304,NA,NA,0.4098120315,0
EH29H11,1,0.5234549516,0.8145941921,0.4677419355,0.4705882353,0.5294117647,0.5909090909,0.5985915493,0.25,0.5217391304,0.55,0.5557371506,0.4390422542,1
EH29H12,1,0.3229531141,0.4611616515,0.6129032258,0.6470588235,0.4705882353,0.4,0.676056338,0.375,0.5217391304,0.375,0.3012355652,0.4474571994,0
EH29H13,1,0.4355955679,0.4210526316,0.5806451613,0.5882352941,0.4705882353,0.5090909091,0.5422535211,0.375,0.5217391304,0.275,0.7694623018,0.400389501,0
EH29H14,0,0.2919014085,0.2669014085,0.4193548387,0.4117647059,0.2941176471,0.5272727273,0.1408450704,0.625,0.5217391304,NA,NA,0.3347383938,0
EH29H15,1,0.09045584046,0.1239316239,0.6290322581,0.4705882353,0.6470588235,0.7272727273,0.4225352113,0.875,0.5217391304,NA,NA,0.6959161914,1
EH29H16,1,0.09957020057,0.1575931232,0.4677419355,0.4117647059,0.4117647059,0.6,0.323943662,0.75,0.5217391304,0.55,0,0.4451817296,0
EH29H17,0,0.09577677225,0.1221719457,0.435483871,0.1176470588,0.05882352941,0.3363636364,0.1901408451,0.25,0.5217391304,0.55,0.8658867312,0.1862967981,0
EH29H18,0,0.2757731959,0.5,0.8870967742,0.4705882353,0.4117647059,0.6818181818,0.3943661972,0.5,0.5217391304,0.525,0.8366263343,0.4014962218,0
EH29H19,1,0.2159763314,0.2692307692,0.4193548387,0.5294117647,0.5294117647,0.7181818182,0.661971831,0.375,0.5217391304,NA,NA,0.483699095,0
EH29H20,1,0.3701201201,0.6771771772,0.2903225806,0.4705882353,0.4117647059,0.6272727273,0.4929577465,0.375,0.5217391304,0.375,0.8366263343,0.4627923299,1
EH29H22,1,0.1342257598,0.1714905933,0.6129032258,0.7058823529,0.6470588235,0.3454545455,0.5,0.5,0.5217391304,0.825,0.4747239672,0.810179979,1
EH29H23,1,0.8227459016,0.2397540984,0.6290322581,0.5294117647,0.5882352941,0.5454545455,0.4225352113,0.625,0.5217391304,0.275,0.8658867312,0.4825961629,1
EH29H24,1,0.1108374384,0.1738212526,0.4516129032,0.5882352941,0.5294117647,0.6363636364,0.8169014085,0.125,0.5217391304,0.425,0.4747239672,0.4394426548,0
EH29H25,0,0.1057553957,0.1510791367,0.2580645161,0.2352941176,0.1176470588,NA,0.323943662,0.25,0.5217391304,0.425,0.3811471954,0,1
EH29H26,1,0.1519434629,0.2035335689,0.4677419355,0.4705882353,0.4705882353,0.6363636364,0.514084507,0.5,0.5217391304,0.3,0.4747239672,0.5004370077,0
EH29H27,1,0.2944483486,0.3851018974,0.5806451613,0.7647058824,0.7647058824,0.8181818182,0.6690140845,0.875,0.5217391304,0.425,0.4747239672,0.4423065527,0
EH29H28,0,0.3972318339,0.5356401384,0.5806451613,0.2352941176,0.3529411765,0.5,0.3450704225,0.375,0.5217391304,0.425,0.3012355652,0.6039866095,0
EH30H22,1,0.3932905068,0.5438972163,0.564516129,0.4117647059,0.4705882353,0.7363636364,0.5,0.375,0.5652173913,0.625,0.4747239672,0.4006434154,0
EH30H24,1,0.1150317572,0.1764290755,0.6612903226,0.5294117647,0.6470588235,0.7636363636,0.4507042254,0.75,0.5652173913,NA,NA,0.5580291104,0
EH31H01,0,0.2098245614,0.1936842105,0.3064516129,0.2941176471,0.2941176471,0.5454545455,0.3028169014,0.5,0.6086956522,0.425,0.09572124827,0.4368118081,1
EH31H02,1,0.1503521127,0.1809859155,0.3225806452,0.4117647059,0.5294117647,0.7181818182,0.7042253521,0.375,0.6086956522,0.6,0.4747239672,0.4681360366,0
EH31H03,1,0.2517241379,0.3710344828,0.5161290323,0.4117647059,0.3529411765,0.3454545455,0.4788732394,0.25,0.6086956522,0.825,0.4747239672,0.4682266888,0
EH31H07,0,0.111977321,0.1105598866,0.6451612903,0.2941176471,0.4117647059,0.3909090909,0.4929577465,0.5,0.6086956522,0.9,0.4747239672,0.2812918459,0
EH31H08,0,0.2889747191,0.4122191011,0.3064516129,0.4705882353,0.2941176471,0.4,0.5985915493,0.25,0.6086956522,0.425,0.3522534907,0.5132448271,1
EH31H09,0,0.2328216374,0.389619883,0.5483870968,0.4705882353,0.3529411765,0.4545454545,0.3873239437,0.5,0.6086956522,0.425,0.6406075312,0.3707460337,0